question_id,display_id,stem_markdown_preview,curriculum_theme_model,knowledge_unit_model,skill_tags_model,primary_knowledge_model,primary_confidence,runner_up_primary,classification_margin,tag_evidence,primary_knowledge_teacher,secondary_knowledge_model,difficulty_model,difficulty_teacher,difficulty_basis,ability_tags_model,teaching_tag_model,error_prone_points_model,review_status,review_notes
exam_7bee64bb5191_q001,EXAM-7BEE64BB5191-Q001,"### 1. 一辆汽车在笔直的公路上行驶，位移关于时间的函数图象如图所示，给出下列四个结论： ①汽车在 $[0,t_{1}]$ 时间段内每一时刻的瞬时速度相同；",T7导数,U7.1 导数概念与几何意义（切线）,平均变化率；瞬时变化率；导数定义,导数与微分·导数定义·平均变化率与瞬时变化率,0.94,导数与微分·切线方程·求切线,0.854,瞬时变化率；瞬时变化率,,,3,,model_estimated,数形结合,综合提升,基本公式记忆不牢；代数化简错误,待审核,
exam_7bee64bb5191_q002,EXAM-7BEE64BB5191-Q002,"### 2. 函数 $f(x) = x^{2} - x$ 在区间[1,3]上的平均变化率为（） A. 6 B. 3 C. 2 D. 1",T7导数,U7.1 导数概念与几何意义（切线）,平均变化率；瞬时变化率；导数定义,导数与微分·导数定义·平均变化率与瞬时变化率,0.865,导数与微分·求导运算·基本函数求导,1.0,平均变化率,,,3,,model_estimated,运算求解,综合提升,基本公式记忆不牢；代数化简错误,待审核,
exam_7bee64bb5191_q003,EXAM-7BEE64BB5191-Q003,### 3. 若函数 $f(x)$ 的导函数 $f'(x)$ 存在，且 $\lim_{\Delta x \to 0} \frac{f(1 - \Delta x),T7导数,U7.1 导数概念与几何意义（切线）,平均变化率；瞬时变化率；导数定义,导数与微分·导数定义·平均变化率与瞬时变化率,0.846,导数与微分·求导运算·基本函数求导,0.254,导数极限；导数极限；增量 Δx；增量 Δx,,T7导数·U7.2 导数运算（基本函数/复合/隐函数）·基本函数求导,3,,model_estimated,逻辑推理,综合提升,基本公式记忆不牢；代数化简错误,待审核,
exam_7bee64bb5191_q004,EXAM-7BEE64BB5191-Q004,### 4. 函数 $f(x)$ 的导函数 $f'(x)$ ，满足关系式 $f(x)=x^{2}+2xf'(2)-\ln x$ ，则 $f'(2)$ 的值为（）,T7导数,U7.2 导数运算（基本函数/复合/隐函数）,基本函数求导；复合函数求导；导数运算,导数与微分·求导运算·基本函数求导,0.98,导数与微分·导数定义·平均变化率与瞬时变化率,1.0,求导；求导；导数符号；导数符号,,,3,,model_estimated,运算求解,综合提升,基本公式记忆不牢；代数化简错误,待审核,
exam_7bee64bb5191_q005,EXAM-7BEE64BB5191-Q005,### 5. 点 $P$ 在曲线 $y = x^3 - x + \frac{2}{3}$ 上，设曲线在点 $P$ 处切线的倾斜角为 $\alpha$ ，则角 $,T7导数,U7.1 导数概念与几何意义（切线）,导数几何意义；切线斜率；切线方程,导数与微分·切线方程·求切线,0.736,导数与微分·求导运算·基本函数求导,0.268,切线；斜率,,,3,,model_estimated,数形结合；分类讨论,综合提升,切点坐标代入错误；导数值与斜率对应错误,待审核,
exam_7bee64bb5191_q006,EXAM-7BEE64BB5191-Q006,### 6. 若点 $P$ 是曲线 $y = \ln x - x^2$ 上任意一点，则点 $P$ 到直线 $l: x + y - 4 = 0$ 距离的最小值为（,T7导数,U7.4 导数与极值/最值,利用导数求最值；端点与极值比较；函数建模最值,导数应用·极值与最值·求最值,0.848,导数与微分·切线方程·求切线,0.266,最大/最小值；建模最值；建模最值；解析包含导数方法,,,3,,model_estimated,数形结合,综合提升,导数符号判断错误；忽略定义域或端点,待审核,
exam_7bee64bb5191_q007,EXAM-7BEE64BB5191-Q007,### 7. 函数 $y = f(x)$ 的导数 $y = f'(x)$ 仍是 $x$ 的函数，通常把导函数 $y = f'(x)$ 的导数叫做函数的二阶导数，,T7导数,U7.2 导数运算（基本函数/复合/隐函数）,基本函数求导；复合函数求导；导数运算,导数与微分·求导运算·基本函数求导,0.943,函数综合·函数性质·奇偶性与周期性,0.795,求导；导数符号；导数,,,3,,model_estimated,运算求解,综合提升,基本公式记忆不牢；代数化简错误,待审核,
exam_7bee64bb5191_q008,EXAM-7BEE64BB5191-Q008,### 8. 已知直线 $y = kx + b$ 既是曲线 $y = \ln x$ 的切线，也是曲线 $y = -\ln (-x)$ 的切线，则（） A. $k,T7导数,U7.1 导数概念与几何意义（切线）,导数几何意义；切线斜率；切线方程,导数与微分·切线方程·求切线,0.945,导数与微分·求导运算·基本函数求导,0.805,切线方程；相切/切点；切线；切线,,,3,,model_estimated,运算求解；数形结合,综合提升,切点坐标代入错误；导数值与斜率对应错误,待审核,
exam_7bee64bb5191_q009,EXAM-7BEE64BB5191-Q009,### 9. 下列求导运算正确的是（） A. $(\ln7)' = \frac{1}{7}$ B. $[(x^{2}+2)\sin x]' = 2x\sin x,T7导数,U7.2 导数运算（基本函数/复合/隐函数）,基本函数求导；复合函数求导；导数运算,导数与微分·求导运算·基本函数求导,0.874,函数综合·函数性质·奇偶性与周期性,0.731,求导；导数符号,,,3,,model_estimated,运算求解,综合提升,基本公式记忆不牢；代数化简错误,待审核,
exam_7bee64bb5191_q010,EXAM-7BEE64BB5191-Q010,"### 10. 已知定义在 $R$ 上的偶函数 $f(x)$ 满足 $f(0) = 2, f(3 - x) + f(x) = 1$ ，设 $f(x)$ 在 $R",T2函数,U2.1 函数概念与性质（单调/奇偶/周期）,函数奇偶性；函数周期性；函数对称性,函数综合·函数性质·奇偶性与周期性,0.824,导数与微分·求导运算·基本函数求导,0.136,函数奇偶性；函数奇偶性；周期,,T7导数·U7.2 导数运算（基本函数/复合/隐函数）·基本函数求导,3,,model_estimated,运算求解,综合提升,基本公式记忆不牢；代数化简错误,待审核,
exam_7bee64bb5191_q011,EXAM-7BEE64BB5191-Q011,"### 11. 已知定义在 $\mathbf{R}$ 上的函数 $f(x), g(x)$ 的导函数分别为 $f'(x), g'(x)$ ，且 $f(x) = f",T7导数,U7.2 导数运算（基本函数/复合/隐函数）,基本函数求导；复合函数求导；导数运算,导数与微分·求导运算·基本函数求导,0.867,函数综合·函数性质·奇偶性与周期性,0.374,求导；导数符号；导数符号,,,3,,model_estimated,数形结合,综合提升,基本公式记忆不牢；代数化简错误,待审核,
exam_7bee64bb5191_q012,EXAM-7BEE64BB5191-Q012,### 12. 写出一个同时具有下列性质①②③的函数 $f(x)$ : \_\_\_\_. ① $f(x_{1}x_{2})=f(x_{1})f(x_{2})$,T2函数,U2.1 函数概念与性质（单调/奇偶/周期）,函数奇偶性；函数周期性；函数对称性,函数综合·函数性质·奇偶性与周期性,0.852,导数与微分·求导运算·基本函数求导,0.364,函数奇偶性；函数奇偶性,,T7导数·U7.2 导数运算（基本函数/复合/隐函数）·基本函数求导,3,,model_estimated,逻辑推理,综合提升,基本公式记忆不牢；代数化简错误,待审核,
exam_7bee64bb5191_q013,EXAM-7BEE64BB5191-Q013,### 13. 若曲线 $y = (x + a)e^{x}$ 有两条过坐标原点的切线，则 $a$ 的取值范围是 \_\_\_\_.,T7导数,U7.1 导数概念与几何意义（切线）,导数几何意义；切线斜率；切线方程,导数与微分·切线方程·求切线,0.948,导数与微分·求导运算·基本函数求导,0.82,切线方程；相切/切点；切线；切线；斜率,,,3,,model_estimated,运算求解；数形结合；分类讨论,综合提升,切点坐标代入错误；导数值与斜率对应错误,待审核,
exam_7bee64bb5191_q014,EXAM-7BEE64BB5191-Q014,"### 14. 已知函数 $f(x) = |e^x - 1|, x_1 < 0, x_2 > 0$ ，函数 $f(x)$ 的图象在点 $A(x_1, f(x_1",T7导数,U7.2 导数运算（基本函数/复合/隐函数）,基本函数求导；复合函数求导；导数运算,导数与微分·求导运算·基本函数求导,0.643,导数与微分·切线方程·求切线,0.006,导数符号,,,3,,model_estimated,数形结合；分类讨论,综合提升,基本公式记忆不牢；代数化简错误,待审核,
exam_7bee64bb5191_q015,EXAM-7BEE64BB5191-Q015,### 15. 求下列函数的导数: (1) $y = \mathrm{e}^{-x}(x + 1)^{2};$ (2) $y = \cos(3x - 1) - ,T7导数,U7.2 导数运算（基本函数/复合/隐函数）,基本函数求导；复合函数求导；导数运算,导数与微分·求导运算·基本函数求导,0.831,函数综合·函数性质·奇偶性与周期性,0.67,导数符号；导数,,,3,,model_estimated,运算求解；逻辑推理,综合提升,基本公式记忆不牢；代数化简错误,待审核,
exam_7bee64bb5191_q016,EXAM-7BEE64BB5191-Q016,### 16. 已知函数 $F(x) = \mathrm{e}^{x - 1} + \frac{1}{3} x$ ， $G(x) = -x + m\sin x ,T7导数,U7.1 导数概念与几何意义（切线）,导数几何意义；切线斜率；切线方程,导数与微分·切线方程·求切线,0.946,导数与微分·求导运算·基本函数求导,0.813,切线方程；切线方程；切线；切线,,,3,,model_estimated,运算求解；逻辑推理；数形结合,综合提升,切点坐标代入错误；导数值与斜率对应错误,待审核,
exam_ed507f8efdc5_q001,EXAM-ED507F8EFDC5-Q001,"### 1. 曲线 $y = \frac{e^x}{x + 1}$ 在点 $\left(1, \frac{e}{2}\right)$ 处的切线方程为（） A. ",T7导数,U7.1 导数概念与几何意义（切线）,导数几何意义；切线斜率；切线方程,导数与微分·切线方程·求切线,0.946,导数与微分·求导运算·基本函数求导,0.813,切线方程；切线方程；切线；切线,,,3,,model_estimated,运算求解；数形结合,综合提升,切点坐标代入错误；导数值与斜率对应错误,待审核,
exam_ed507f8efdc5_q002,EXAM-ED507F8EFDC5-Q002,### 2. 若 $f(x) = ax^{4} + bx^{2} + c$ 满足 $f'(1) = 2$ ，则 $f'(-1) =$ A. -4 B. -2 C,T7导数,U7.2 导数运算（基本函数/复合/隐函数）,基本函数求导；复合函数求导；导数运算,导数与微分·求导运算·基本函数求导,0.806,函数综合·函数性质·奇偶性与周期性,0.271,求导；导数符号,,,3,,model_estimated,运算求解,综合提升,基本公式记忆不牢；代数化简错误,待审核,
exam_ed507f8efdc5_q003,EXAM-ED507F8EFDC5-Q003,"### 3. 曲线 $y = x\mathrm{e}^{x} - x$ 在点 $P$ 处切线的斜率为-1，则 $P$ 的坐标为（） A. $(-1, -1)$ ",T7导数,U7.1 导数概念与几何意义（切线）,导数几何意义；切线斜率；切线方程,导数与微分·切线方程·求切线,0.736,导数与微分·求导运算·基本函数求导,0.268,切线；斜率,,,3,,model_estimated,数形结合,综合提升,切点坐标代入错误；导数值与斜率对应错误,待审核,
exam_ed507f8efdc5_q004,EXAM-ED507F8EFDC5-Q004,### 4. 设 $f(x)$ 、 $g(x)$ 分别是定义在R上的奇函数和偶函数，当x<0时， $f'(x)g(x)+f(x)g'(x)>0$ 。且 $g(-,T2函数,U2.1 函数概念与性质（单调/奇偶/周期）,函数奇偶性；函数周期性；函数对称性,函数综合·函数性质·奇偶性与周期性,0.852,导数与微分·求导运算·基本函数求导,0.364,函数奇偶性；函数奇偶性,,T7导数·U7.2 导数运算（基本函数/复合/隐函数）·基本函数求导；T7导数·U7.3 导数与函数单调性·导数符号判断,3,,model_estimated,运算求解,综合提升,基本公式记忆不牢；代数化简错误,待审核,
exam_ed507f8efdc5_q005,EXAM-ED507F8EFDC5-Q005,"### 5. 已知函数 $f(x) = ae^{x} - \ln x$ 在区间(1,2)上单调递增，则 $a$ 的最小值为（）. A. $e^{2}$ B. e",T7导数,U7.4 导数与极值/最值,利用导数求最值；端点与极值比较；函数建模最值,导数应用·极值与最值·求最值,0.835,导数应用·单调性·判断单调区间,0.192,最大/最小值；最大/最小值；解析包含导数方法,,T7导数·U7.2 导数运算（基本函数/复合/隐函数）·基本函数求导；T7导数·U7.3 导数与函数单调性·导数符号判断,3,,model_estimated,运算求解；分类讨论,综合提升,导数符号判断错误；忽略定义域或端点,待审核,
exam_ed507f8efdc5_q006,EXAM-ED507F8EFDC5-Q006,### 6. 已知函数 $f(x)$ 是定义在 $R$ 上的偶函数， $f'(x)$ 是 $f(x)$ 的导函数， $f(x) + f'(x) = 2\math,T7导数,U7.2 导数运算（基本函数/复合/隐函数）,基本函数求导；复合函数求导；导数运算,导数与微分·求导运算·基本函数求导,0.856,函数综合·函数性质·奇偶性与周期性,0.312,求导；求导；导数符号；导数符号,,T7导数·U7.3 导数与函数单调性·导数符号判断；T7导数·U7.4 导数与极值/最值·利用导数求最值,3,,model_estimated,运算求解；分类讨论,综合提升,基本公式记忆不牢；代数化简错误,待审核,
exam_ed507f8efdc5_q007,EXAM-ED507F8EFDC5-Q007,"### 7. 已知 $a = \sin 0.5, b = 3^{0.5}, c = \log_{0.3} 0.5$ ，则 $a, b, c$ 的大小关系是（） ",T7导数,U7.3 导数与函数单调性,导数符号判断；单调区间；含参单调性,导数应用·单调性·判断单调区间,0.737,导数与微分·求导运算·基本函数求导,0.271,导数符号与单调；解析包含导数方法,,,3,,model_estimated,运算求解；分类讨论,综合提升,导数符号判断错误；忽略定义域或端点,待审核,
exam_ed507f8efdc5_q008,EXAM-ED507F8EFDC5-Q008,"### 8. 已知定义在 $R$ 上的函数 $f(x)$ 的导数为 $f'(x), f(1) = \mathrm{e}$ , 且对任意的 $x$ 满足 $f'(",T7导数,U7.2 导数运算（基本函数/复合/隐函数）,基本函数求导；复合函数求导；导数运算,导数与微分·求导运算·基本函数求导,0.857,导数应用·不等式证明·构造函数证明,0.314,导数符号；导数符号；导数,,T7导数·U7.3 导数与函数单调性·导数符号判断,3,,model_estimated,运算求解,综合提升,基本公式记忆不牢；代数化简错误,待审核,
exam_ed507f8efdc5_q009,EXAM-ED507F8EFDC5-Q009,"### 9. 过点 $(-1, -1)$ 且与曲线 $y = 3x^{3} + 2$ 相切的直线方程可能为（） A. $8x - y + 7 = 0$ B. $",T7导数,U7.1 导数概念与几何意义（切线）,导数几何意义；切线斜率；切线方程,导数与微分·切线方程·求切线,0.946,导数与微分·求导运算·基本函数求导,0.81,切线方程；相切/切点；相切/切点；切线,,,3,,model_estimated,运算求解；数形结合,综合提升,切点坐标代入错误；导数值与斜率对应错误,待审核,
exam_ed507f8efdc5_q010,EXAM-ED507F8EFDC5-Q010,### 10. 已知 $0 < x_{1} < x_{2} < 1$ ，则下列不等式恒成立的是（） A. $x_{2} \cdot e^{x_{1}} > x_,T7导数,U7.5 导数与不等式证明,构造函数；导数证明不等式；极值点偏移,导数应用·不等式证明·构造函数证明,0.906,导数应用·单调性·判断单调区间,0.591,不等式证明；恒成立；不等式；解析包含导数方法,,T7导数·U7.2 导数运算（基本函数/复合/隐函数）·基本函数求导；T7导数·U7.3 导数与函数单调性·导数符号判断,3,,model_estimated,运算求解；分类讨论,综合提升,基本公式记忆不牢；代数化简错误,待审核,
exam_ed507f8efdc5_q011,EXAM-ED507F8EFDC5-Q011,### 11. 已知函数 $f(x) = \frac{\ln(e^x + 1)}{x}$ ，则下列结论中正确地是( ) A. 当 $x < 0$ 时， $f(x,T7导数,U7.3 导数与函数单调性,导数符号判断；单调区间；含参单调性,导数应用·单调性·判断单调区间,0.878,导数与微分·求导运算·基本函数求导,0.554,导数符号与单调；导数符号与单调；解析包含导数方法,,,3,,model_estimated,运算求解；数形结合；分类讨论,综合提升,导数符号判断错误；忽略定义域或端点,待审核,
exam_ed507f8efdc5_q012,EXAM-ED507F8EFDC5-Q012,"### 12. 已知函数 $f(x) = \ln x + x^2 + ax$ 的单调递减区间为 $\left(\frac{1}{2}, 1\right)$ ，则",T7导数,U7.3 导数与函数单调性,导数符号判断；单调区间；含参单调性,导数应用·单调性·判断单调区间,0.878,导数与微分·求导运算·基本函数求导,0.554,导数符号与单调；导数符号与单调；解析包含导数方法,,,3,,model_estimated,运算求解；分类讨论,综合提升,导数符号判断错误；忽略定义域或端点,待审核,
exam_ed507f8efdc5_q013,EXAM-ED507F8EFDC5-Q013,"### 13. 定义在R上的函数 $f(x)$ 的导函数为 $f'(x)$ ，且有 $f(-3) = -12, f(-x) + f(x) = 0$ ，且对任意 ",T7导数,U7.2 导数运算（基本函数/复合/隐函数）,基本函数求导；复合函数求导；导数运算,导数与微分·求导运算·基本函数求导,0.885,函数综合·函数性质·奇偶性与周期性,0.474,求导；导数符号；导数符号,,T7导数·U7.3 导数与函数单调性·导数符号判断,3,,model_estimated,运算求解；分类讨论,综合提升,基本公式记忆不牢；代数化简错误,待审核,
exam_ed507f8efdc5_q014,EXAM-ED507F8EFDC5-Q014,"### 14. 已知对任意 $x_{1}, x_{2} \in (0, +\infty)$ ，且当 $x_{1} < x_{2}$ 时，都有 $\frac{a(",T7导数,U7.3 导数与函数单调性,导数符号判断；单调区间；含参单调性,导数应用·单调性·判断单调区间,0.688,导数应用·不等式证明·构造函数证明,0.0,导数符号与单调；解析包含导数方法,,T7导数·U7.2 导数运算（基本函数/复合/隐函数）·基本函数求导,3,,model_estimated,运算求解；分类讨论,综合提升,导数符号判断错误；忽略定义域或端点,待审核,
exam_ed507f8efdc5_q015,EXAM-ED507F8EFDC5-Q015,### 15. 已知函数 $f(x) = \frac{e^x - a}{x} - a\ln x (a \in R)$ . (1)求曲线 $y=f(x)$ 在点 ,T7导数,U7.1 导数概念与几何意义（切线）,导数几何意义；切线斜率；切线方程,导数与微分·切线方程·求切线,0.888,导数应用·单调性·判断单调区间,0.487,切线方程；切线方程；切线；切线,,T7导数·U7.2 导数运算（基本函数/复合/隐函数）·基本函数求导；T7导数·U7.3 导数与函数单调性·导数符号判断,3,,model_estimated,运算求解；逻辑推理；数形结合,综合提升,切点坐标代入错误；导数值与斜率对应错误,待审核,
exam_ed507f8efdc5_q016,EXAM-ED507F8EFDC5-Q016,### 16. 已知函数 $f(x) = a(\mathrm{e}^{x} + a) - x$ . (1)讨论 $f(x)$ 的单调性; (2)证明：当a>0时,T7导数,U7.3 导数与函数单调性,导数符号判断；单调区间；含参单调性,导数应用·单调性·判断单调区间,0.831,导数应用·不等式证明·构造函数证明,0.352,导数符号与单调；函数单调性；解析包含导数方法,,T7导数·U7.2 导数运算（基本函数/复合/隐函数）·基本函数求导；T2函数·U2.1 函数概念与性质（单调/奇偶/周期）·构造函数,3,,model_estimated,运算求解；逻辑推理；分类讨论,综合提升,导数符号判断错误；忽略定义域或端点,待审核,
exam_f6e940cd31a8_q001,EXAM-F6E940CD31A8-Q001,"### 1. 已知函数 $f(x) = (2x + 1)\mathrm{e}^x, f'(x)$ 为 $f(x)$ 的导函数，则 $f'(0)$ 的值为 A. ",T7导数,U7.2 导数运算（基本函数/复合/隐函数）,基本函数求导；复合函数求导；导数运算,导数与微分·求导运算·基本函数求导,0.923,导数与微分·导数定义·平均变化率与瞬时变化率,1.0,求导；导数符号,,,3,,model_estimated,运算求解,综合提升,基本公式记忆不牢；代数化简错误,待审核,
exam_f6e940cd31a8_q002,EXAM-F6E940CD31A8-Q002,### 2. 函数 $y = f(x)$ 的导函数 $y = f'(x)$ 的图像如图所示，则函数 $y = f(x)$ 的图象可能是 ![](assets/3,T7导数,U7.2 导数运算（基本函数/复合/隐函数）,基本函数求导；复合函数求导；导数运算,导数与微分·求导运算·基本函数求导,0.923,导数与微分·导数定义·平均变化率与瞬时变化率,1.0,求导；导数符号,,,3,,model_estimated,数形结合,综合提升,基本公式记忆不牢；代数化简错误,待审核,
exam_f6e940cd31a8_q003,EXAM-F6E940CD31A8-Q003,"### 3. 曲线 $y = 2\sin x + \cos x$ 在点 $(\pi, -1)$ 处的切线方程为 A. $x - y - \pi - 1 = 0$",T7导数,U7.1 导数概念与几何意义（切线）,导数几何意义；切线斜率；切线方程,导数与微分·切线方程·求切线,0.949,函数综合·函数性质·奇偶性与周期性,0.9,切线方程；切线,,,3,,model_estimated,运算求解；数形结合,综合提升,切点坐标代入错误；导数值与斜率对应错误,待审核,
exam_f6e940cd31a8_q004,EXAM-F6E940CD31A8-Q004,### 4. 设 $f(x) = x - \sin x$ ，则 $f(x) =$ A. 既是奇函数又是减函数 B. 既是奇函数又是增函数 C. 是有零点的减函数,T2函数,U2.1 函数概念与性质（单调/奇偶/周期）,函数奇偶性；函数周期性；函数对称性,函数综合·函数性质·奇偶性与周期性,0.779,导数应用·零点问题·函数零点个数,0.385,函数奇偶性；三角函数性质,,,3,,model_estimated,运算求解,综合提升,基本公式记忆不牢；代数化简错误,待审核,
exam_f6e940cd31a8_q005,EXAM-F6E940CD31A8-Q005,### 5. 设函数 $f'(x)$ 是奇函数 $f(x) (x \in \mathbf{R})$ 的导函数， $f(-1) = 0$ ，当 $x > 0$ 时,T7导数,U7.2 导数运算（基本函数/复合/隐函数）,基本函数求导；复合函数求导；导数运算,导数与微分·求导运算·基本函数求导,0.803,函数综合·函数性质·奇偶性与周期性,0.017,求导；导数符号；导数符号,,T2函数·U2.1 函数概念与性质（单调/奇偶/周期）·构造函数,3,,model_estimated,分类讨论,综合提升,基本公式记忆不牢；代数化简错误,待审核,
exam_f6e940cd31a8_q006,EXAM-F6E940CD31A8-Q006,"### 6. 若 $a > 0, b > 0$ ，且函数 $f(x) = 4x^{3} - ax^{2} - 2bx + 2$ 在 $x = 1$ 处有极值，则",T7导数,U7.4 导数与极值/最值,利用导数求最值；端点与极值比较；函数建模最值,导数应用·极值与最值·求最值,0.672,导数应用·极值与最值·求极值,0.111,最大/最小值,,,3,,model_estimated,运算求解,综合提升,导数符号判断错误；忽略定义域或端点,待审核,
exam_f6e940cd31a8_q007,EXAM-F6E940CD31A8-Q007,"### 7. 已知函数 $f(x) = ae^x - \ln x$ 在区间(1,2)上单调递增，则 $a$ 的最小值为 A. $e^2$ B. $e$ C. $",T7导数,U7.4 导数与极值/最值,利用导数求最值；端点与极值比较；函数建模最值,导数应用·极值与最值·求最值,0.835,导数应用·单调性·判断单调区间,0.192,最大/最小值；最大/最小值；解析包含导数方法,,T7导数·U7.2 导数运算（基本函数/复合/隐函数）·基本函数求导；T7导数·U7.3 导数与函数单调性·导数符号判断,3,,model_estimated,运算求解；分类讨论,综合提升,导数符号判断错误；忽略定义域或端点,待审核,
exam_f6e940cd31a8_q008,EXAM-F6E940CD31A8-Q008,"### 8. 已知 $a \in \mathbf{R}$ ，设函数 $f(x) = \begin{cases} x^2 - 2ax + 2a, & x,, 1,",T7导数,U7.5 导数与不等式证明,构造函数；导数证明不等式；极值点偏移,导数应用·不等式证明·构造函数证明,0.922,导数应用·极值与最值·求最值,0.677,不等式证明；恒成立；恒成立；不等式,,T7导数·U7.4 导数与极值/最值·利用导数求最值,3,,model_estimated,分类讨论,综合提升,基本公式记忆不牢；代数化简错误,待审核,
exam_f6e940cd31a8_q009,EXAM-F6E940CD31A8-Q009,### 9. 设函数 $f(x)$ 的定义域为 $\mathbf{R}$ ， $x_0(x_0 \neq 0)$ 是 $f(x)$ 的极大值点，以下结论一定正确,T7导数,U7.4 导数与极值/最值,极值点判断；导数符号表；函数极值,导数应用·极值与最值·求极值,0.832,导数与微分·导数定义·平均变化率与瞬时变化率,1.0,极大/极小值,,,3,,model_estimated,运算求解,综合提升,导数符号判断错误；忽略定义域或端点,待审核,
exam_f6e940cd31a8_q010,EXAM-F6E940CD31A8-Q010,"### 10. 已知函数 $f(x) = 2^x$ ， $g(x) = x^2 + ax$ （其中 $a \in R$ ）。对于不相等的实数 $x_1, x_2",T7导数,U7.4 导数与极值/最值,极值点判断；导数符号表；函数极值,导数应用·极值与最值·求极值,0.707,导数应用·单调性·判断单调区间,0.222,极大/极小值,,T7导数·U7.3 导数与函数单调性·导数符号判断,3,,model_estimated,运算求解；逻辑推理；分类讨论,综合提升,导数符号判断错误；忽略定义域或端点,待审核,
exam_f6e940cd31a8_q011,EXAM-F6E940CD31A8-Q011,### 11. 设函数 $f(x) = 2x^{3} - 3ax^{2} + 1$ ，则 A. 当 $a > 1$ 时， $f(x)$ 有三个零点 B. 当 $,T7导数,U7.4 导数与极值/最值,极值点判断；导数符号表；函数极值,导数应用·极值与最值·求极值,0.817,导数应用·零点问题·函数零点个数,0.096,极大/极小值；极大/极小值；解析包含导数方法,,T7导数·U7.2 导数运算（基本函数/复合/隐函数）·基本函数求导；T7导数·U7.3 导数与函数单调性·导数符号判断,3,,model_estimated,运算求解；逻辑推理；分类讨论,综合提升,导数符号判断错误；忽略定义域或端点,待审核,
exam_f6e940cd31a8_q012,EXAM-F6E940CD31A8-Q012,### 12. 曲线 $y = \ln |x|$ 过坐标原点的两条切线的方程为 \_\_\_\_，\_\_\_\_。,T7导数,U7.1 导数概念与几何意义（切线）,导数几何意义；切线斜率；切线方程,导数与微分·切线方程·求切线,0.821,导数与微分·导数定义·平均变化率与瞬时变化率,1.0,切线,,,3,,model_estimated,运算求解；数形结合,综合提升,切点坐标代入错误；导数值与斜率对应错误,待审核,
exam_f6e940cd31a8_q013,EXAM-F6E940CD31A8-Q013,"### 13. 若函数 $f(x) = 2x^{3} - ax^{2} + 1 (a \in R)$ 在 $(0, +\infty)$ 内有且只有一个零点，则 ",T7导数,U7.4 导数与极值/最值,利用导数求最值；端点与极值比较；函数建模最值,导数应用·极值与最值·求最值,0.817,导数应用·零点问题·函数零点个数,0.096,最大/最小值；最大/最小值；解析包含导数方法,,T7导数·U7.2 导数运算（基本函数/复合/隐函数）·基本函数求导；T7导数·U7.3 导数与函数单调性·导数符号判断,3,,model_estimated,运算求解；逻辑推理；数形结合,综合提升,导数符号判断错误；忽略定义域或端点,待审核,
exam_f6e940cd31a8_q014,EXAM-F6E940CD31A8-Q014,### 14. 设函数 $f(x) = e^{x}(2x - 1) - ax + a$ ，其中 $a < 1$ ，若存在唯一的整数 $x_{0}$ ，使得 $f,T7导数,U7.3 导数与函数单调性,导数符号判断；单调区间；含参单调性,导数应用·单调性·判断单调区间,0.822,导数与微分·导数定义·平均变化率与瞬时变化率,1.0,导数符号与单调,,,3,,model_estimated,运算求解；逻辑推理；数形结合,综合提升,导数符号判断错误；忽略定义域或端点,待审核,
exam_f6e940cd31a8_q015,EXAM-F6E940CD31A8-Q015,"### 15. 设函数 $f(x)=[ax^{2}-(4a+1)x+4a+3]e^{x}$ . (1)若曲线 $y = f(x)$ 在点 $(1, f(1))$",T7导数,U7.4 导数与极值/最值,极值点判断；导数符号表；函数极值,导数应用·极值与最值·求极值,0.915,导数与微分·求导运算·基本函数求导,0.64,极大/极小值；极大/极小值；解析包含导数方法,,T7导数·U7.2 导数运算（基本函数/复合/隐函数）·基本函数求导,3,,model_estimated,运算求解；逻辑推理；数形结合,综合提升,导数符号判断错误；忽略定义域或端点,待审核,
exam_f6e940cd31a8_q016,EXAM-F6E940CD31A8-Q016,### 16. 已知函数 $f(x) = \frac{1}{x} - x + a\ln x$ . (1)讨论 $f(x)$ 的单调性; (2)若 $f(x)$ ,T7导数,U7.4 导数与极值/最值,极值点判断；导数符号表；函数极值,导数应用·极值与最值·求极值,0.91,导数应用·单调性·判断单调区间,0.611,极值点；极值点；函数极值；函数极值；解析包含导数方法,,T7导数·U7.2 导数运算（基本函数/复合/隐函数）·基本函数求导；T7导数·U7.3 导数与函数单调性·导数符号判断；T2函数·U2.1 函数概念与性质（单调/奇偶/周期）·构造函数,3,,model_estimated,运算求解；逻辑推理；分类讨论,综合提升,导数符号判断错误；忽略定义域或端点,待审核,
exam_e34ad4ed1933_q001,EXAM-E34AD4ED1933-Q001,### 1. 若 $f(x) = \frac{1}{1 + 2x}$ ，则 $f(x)$ 在 $x = 0$ 处的瞬时变化率为（） A. 1 B. -1 C. ,T7导数,U7.1 导数概念与几何意义（切线）,平均变化率；瞬时变化率；导数定义,导数与微分·导数定义·平均变化率与瞬时变化率,0.854,导数与微分·求导运算·基本函数求导,1.0,瞬时变化率,,,3,,model_estimated,运算求解,综合提升,基本公式记忆不牢；代数化简错误,待审核,
exam_e34ad4ed1933_q002,EXAM-E34AD4ED1933-Q002,### 2. 设函数 $f(x) = \frac{1}{x^2} + 1$ ，则 $\lim_{\Delta x \to 0} \frac{f(1 - 3\De,T7导数,U7.1 导数概念与几何意义（切线）,平均变化率；瞬时变化率；导数定义,导数与微分·导数定义·平均变化率与瞬时变化率,0.912,导数与微分·求导运算·基本函数求导,1.0,导数极限；增量 Δx,,,3,,model_estimated,运算求解,综合提升,基本公式记忆不牢；代数化简错误,待审核,
exam_e34ad4ed1933_q003,EXAM-E34AD4ED1933-Q003,### 3. 直线 $x + y - 1 = 0$ 是曲线 $y = \ln x - 2x + a$ 的一条切线，则 $a = (\quad)$ A. -2 B,T7导数,U7.1 导数概念与几何意义（切线）,导数几何意义；切线斜率；切线方程,导数与微分·切线方程·求切线,0.821,导数与微分·导数定义·平均变化率与瞬时变化率,1.0,切线,,,3,,model_estimated,数形结合,综合提升,切点坐标代入错误；导数值与斜率对应错误,待审核,
exam_e34ad4ed1933_q004,EXAM-E34AD4ED1933-Q004,### 4. 已知函数 $f(x) = x(x - a)^2$ 在 $x = 1$ 处取得极大值，则 $a = (\quad)$ A. 3或1 B. 3 C. ,T7导数,U7.4 导数与极值/最值,极值点判断；导数符号表；函数极值,导数应用·极值与最值·求极值,0.832,导数与微分·导数定义·平均变化率与瞬时变化率,1.0,极大/极小值,,,3,,model_estimated,分类讨论,综合提升,导数符号判断错误；忽略定义域或端点,待审核,
exam_e34ad4ed1933_q005,EXAM-E34AD4ED1933-Q005,"### 5. 若 $f(x)$ 是定义在区间 $(-3,2)$ 上的函数，其图象如图所示，设 $f(x)$ 的导函数为 $f'(x)$ ，则 $\frac{f'",T7导数,U7.2 导数运算（基本函数/复合/隐函数）,基本函数求导；复合函数求导；导数运算,导数与微分·求导运算·基本函数求导,0.923,导数与微分·导数定义·平均变化率与瞬时变化率,1.0,求导；导数符号,,,3,,model_estimated,数形结合,综合提升,基本公式记忆不牢；代数化简错误,待审核,
exam_e34ad4ed1933_q006,EXAM-E34AD4ED1933-Q006,"### 6. 若函数 $f(x) = \frac{1}{2} x + \cos x$ 在 $x \in [0, a]$ 上存在唯一的极大值点，则实数 $a$ 的",T7导数,U7.4 导数与极值/最值,极值点判断；导数符号表；函数极值,导数应用·极值与最值·求极值,0.792,函数综合·函数性质·奇偶性与周期性,0.778,极大/极小值,,,3,,model_estimated,逻辑推理；分类讨论,综合提升,导数符号判断错误；忽略定义域或端点,待审核,
exam_e34ad4ed1933_q007,EXAM-E34AD4ED1933-Q007,"### 7. 若函数 $f(x) = -x^2 + ax + 4\ln x$ 在(1,2)上有最大值，则实数 $a$ 的取值范围为（） A. $(-2, +\i",T7导数,U7.4 导数与极值/最值,利用导数求最值；端点与极值比较；函数建模最值,导数应用·极值与最值·求最值,0.832,导数与微分·导数定义·平均变化率与瞬时变化率,1.0,最大/最小值,,,3,,model_estimated,分类讨论,综合提升,导数符号判断错误；忽略定义域或端点,待审核,
exam_e34ad4ed1933_q008,EXAM-E34AD4ED1933-Q008,"### 8. 已知 $a = \frac{\ln 4}{4}, b = \frac{1}{\mathrm{e}}, c = \frac{2}{3} \ln \f",T7导数,U7.2 导数运算（基本函数/复合/隐函数）,基本函数求导；复合函数求导；导数运算,导数与微分·求导运算·基本函数求导,0.755,导数与微分·导数定义·平均变化率与瞬时变化率,1.0,默认求导运算,,,3,,model_estimated,运算求解,综合提升,基本公式记忆不牢；代数化简错误,待审核,
exam_e34ad4ed1933_q009,EXAM-E34AD4ED1933-Q009,### 9. 已知函数 $f(x) = \mathrm{e}^{x} - \mathrm{e}^{-x} - 2\cos x$ ，则（） A. $f(0) = ,T7导数,U7.3 导数与函数单调性,导数符号判断；单调区间；含参单调性,导数应用·单调性·判断单调区间,0.713,导数应用·不等式证明·构造函数证明,0.2,导数符号与单调；解析包含导数方法,,,3,,model_estimated,运算求解,综合提升,导数符号判断错误；忽略定义域或端点,待审核,
exam_e34ad4ed1933_q010,EXAM-E34AD4ED1933-Q010,"### 10. 已知 $a \in \mathbf{R}$ ，函数 $f(x) = ax^3 + 2x + 1$ 有两个极值点 $x_1, x_2$ ，则（） ",T7导数,U7.1 导数概念与几何意义（切线）,导数几何意义；切线斜率；切线方程,导数与微分·切线方程·求切线,0.796,导数应用·极值与最值·求极值,0.05,切线方程；切线,,T7导数·U7.4 导数与极值/最值·利用导数求最值,3,,model_estimated,运算求解；数形结合,综合提升,切点坐标代入错误；导数值与斜率对应错误,待审核,
exam_e34ad4ed1933_q011,EXAM-E34AD4ED1933-Q011,"### 11. 对于函数 $f(x) = \frac{x}{\ln x}$ ，下列说法正确的是（） A. $f(x)$ 在 $(0, e)$ 上单调递减，在 $",T7导数,U7.6 导数与函数零点,零点个数判断；单调性与零点；函数图像分析,导数应用·零点问题·函数零点个数,0.819,导数应用·单调性·判断单调区间,0.106,函数零点；函数零点；解析包含导数方法,,T7导数·U7.3 导数与函数单调性·导数符号判断,3,,model_estimated,运算求解；数形结合,综合提升,极值与零点关系判断错误；参数范围漏讨论,待审核,
exam_e34ad4ed1933_q012,EXAM-E34AD4ED1933-Q012,"### 12. 已知函数 $f(x)$ , $g(x)$ 满足: $f(x) + x^{2}g(x) = e^{x} - x$ ，且 $f(1) = 1$ ，则",T7导数,U7.2 导数运算（基本函数/复合/隐函数）,基本函数求导；复合函数求导；导数运算,导数与微分·求导运算·基本函数求导,0.81,导数与微分·导数定义·平均变化率与瞬时变化率,1.0,导数符号,,,3,,model_estimated,运算求解,综合提升,基本公式记忆不牢；代数化简错误,待审核,
exam_e34ad4ed1933_q013,EXAM-E34AD4ED1933-Q013,"### 13. 已知函数 $f(x) = (a - x)\ln x + x - 1$ ，若 $\forall x_1, x_2 \in (0, +\infty)",T7导数,U7.4 导数与极值/最值,极值点判断；导数符号表；函数极值,导数应用·极值与最值·求极值,0.714,导数应用·极值与最值·求最值,0.0,极大/极小值；解析包含导数方法,,T7导数·U7.3 导数与函数单调性·导数符号判断,3,,model_estimated,运算求解；分类讨论,综合提升,导数符号判断错误；忽略定义域或端点,待审核,
exam_e34ad4ed1933_q014,EXAM-E34AD4ED1933-Q014,### 14. 已知函数 $f(x) = x^{3} + x - \sin x$ ，则关于 t 的不等式 $f(t^{2} - t) + f(-t) < f(0,T2函数,U2.1 函数概念与性质（单调/奇偶/周期）,函数奇偶性；函数周期性；函数对称性,函数综合·函数性质·奇偶性与周期性,0.8,导数与微分·求导运算·基本函数求导,0.186,函数奇偶性；三角函数性质；三角函数性质,,T7导数·U7.2 导数运算（基本函数/复合/隐函数）·基本函数求导；T7导数·U7.3 导数与函数单调性·导数符号判断,3,,model_estimated,运算求解,综合提升,基本公式记忆不牢；代数化简错误,待审核,
exam_e34ad4ed1933_q015,EXAM-E34AD4ED1933-Q015,"### 15. 已知函数 $f(x) = a^2 x^2 - 3ax \ln x, a > 0$ (1)当 $a = 1$ 时，求曲线 $y = f(x)$ 在",T7导数,U7.6 导数与函数零点,零点个数判断；单调性与零点；函数图像分析,导数应用·零点问题·函数零点个数,0.812,导数与微分·切线方程·求切线,0.065,零点个数；零点个数；函数零点；函数零点；解析包含导数方法,,T7导数·U7.2 导数运算（基本函数/复合/隐函数）·基本函数求导；T7导数·U7.3 导数与函数单调性·导数符号判断；T7导数·U7.4 导数与极值/最值·利用导数求最值,3,,model_estimated,运算求解；逻辑推理；数形结合,综合提升,极值与零点关系判断错误；参数范围漏讨论,待审核,
exam_e34ad4ed1933_q016,EXAM-E34AD4ED1933-Q016,"### 16. 已知函数 $f(x) = \mathrm{e}^{x}, g(x) = \frac{a}{x}, h(x) = f(x) - g(x), a \",T7导数,U7.1 导数概念与几何意义（切线）,导数几何意义；切线斜率；切线方程,导数与微分·切线方程·求切线,0.924,导数应用·极值与最值·求极值,0.69,切线方程；切线方程；切线；切线,,T7导数·U7.3 导数与函数单调性·导数符号判断；T7导数·U7.4 导数与极值/最值·利用导数求最值,3,,model_estimated,运算求解；逻辑推理；数形结合,综合提升,切点坐标代入错误；导数值与斜率对应错误,待审核,
exam_58879b65c6e5_q001,EXAM-58879B65C6E5-Q001,### 1. 下列求导结果正确的是（） A. $(\sin3)'=\cos3$ B. $(\cos x)'=\sin x$ C. $\left(\frac{\m,T7导数,U7.2 导数运算（基本函数/复合/隐函数）,基本函数求导；复合函数求导；导数运算,导数与微分·求导运算·基本函数求导,0.9,函数综合·函数性质·奇偶性与周期性,0.875,求导；导数符号,,,3,,model_estimated,运算求解,综合提升,基本公式记忆不牢；代数化简错误,待审核,
exam_58879b65c6e5_q002,EXAM-58879B65C6E5-Q002,"### 2. 某地的中学生中有 $60 \%$ 的同学爱好滑冰, $50 \%$ 的同学爱好滑雪, $70 \%$ 的同学爱好滑冰或爱好滑雪.在该地的中学生中随",T9概率统计,U9.2 概率（古典/条件/全概率/贝叶斯）,条件概率；全概率公式；概率模型,概率统计·概率模型·全概率公式,0.81,导数与微分·导数定义·平均变化率与瞬时变化率,1.0,概率,,,3,,model_estimated,运算求解,综合提升,事件条件理解错误；概率公式套用混淆；期望计算漏项,待审核,
exam_58879b65c6e5_q003,EXAM-58879B65C6E5-Q003,### 3. 当 $x = 1$ 时，函数 $f(x) = a\ln x + \frac{b}{x}$ 取得最大值-2，则 $f^{\prime}(2) = (,T7导数,U7.4 导数与极值/最值,利用导数求最值；端点与极值比较；函数建模最值,导数应用·极值与最值·求最值,0.774,导数与微分·求导运算·基本函数求导,0.417,最大/最小值；解析包含导数方法,,,3,,model_estimated,运算求解,综合提升,导数符号判断错误；忽略定义域或端点,待审核,
exam_58879b65c6e5_q004,EXAM-58879B65C6E5-Q004,### 4. 已知函数 $f(x)$ 的定义域为 $\mathbf{R}$ ，且 $f(x)$ 的图象是一条连续不断的曲线， $f(x)$ 的导函数为 $f'(,T7导数,U7.4 导数与极值/最值,极值点判断；导数符号表；函数极值,导数应用·极值与最值·求极值,0.849,导数与微分·求导运算·基本函数求导,0.273,极值点；函数极值；解析包含导数方法,,T7导数·U7.2 导数运算（基本函数/复合/隐函数）·基本函数求导；T7导数·U7.3 导数与函数单调性·导数符号判断,3,,model_estimated,运算求解；数形结合,综合提升,导数符号判断错误；忽略定义域或端点,待审核,
exam_58879b65c6e5_q005,EXAM-58879B65C6E5-Q005,"### 5. 若经过点 $(0, -2)$ 的直线 l 与曲线 $y = \ln x$ 相切，也与曲线 $y = e^{x} - a (a \in \mathb",T7导数,U7.1 导数概念与几何意义（切线）,导数几何意义；切线斜率；切线方程,导数与微分·切线方程·求切线,0.948,导数与微分·求导运算·基本函数求导,0.824,切线方程；相切/切点；相切/切点；切线；斜率,,,3,,model_estimated,运算求解；数形结合；分类讨论,综合提升,切点坐标代入错误；导数值与斜率对应错误,待审核,
exam_58879b65c6e5_q006,EXAM-58879B65C6E5-Q006,### 6. 定义在 $\mathbf{R}$ 上的函数 $f(x)$ 的导函数为 $f'(x)$ ，若对任意实数 $x$ ，有 $f(x) > f'(x)$ ,T7导数,U7.2 导数运算（基本函数/复合/隐函数）,基本函数求导；复合函数求导；导数运算,导数与微分·求导运算·基本函数求导,0.898,函数综合·函数性质·奇偶性与周期性,0.543,求导；导数符号；导数符号,,,3,,model_estimated,运算求解,综合提升,基本公式记忆不牢；代数化简错误,待审核,
exam_58879b65c6e5_q007,EXAM-58879B65C6E5-Q007,### 7. 设 $a \neq 0$ ，若 $a$ 为函数 $f(x) = a(x - a)^2(x - b)$ 的极大值点，则（） A. $a < b$ B,T7导数,U7.4 导数与极值/最值,极值点判断；导数符号表；函数极值,导数应用·极值与最值·求极值,0.94,导数应用·零点问题·函数零点个数,0.777,极值点；极大/极小值；极大/极小值；函数极值,,,3,,model_estimated,数形结合；分类讨论,综合提升,导数符号判断错误；忽略定义域或端点,待审核,
exam_58879b65c6e5_q008,EXAM-58879B65C6E5-Q008,### 8. 已知函数 $f(x) = \mathrm{e}^x - \mathrm{e}^{-x} - \sin 2x$ ，若对 $\forall x \in,T2函数,U2.1 函数概念与性质（单调/奇偶/周期）,函数奇偶性；函数周期性；函数对称性,函数综合·函数性质·奇偶性与周期性,0.829,导数应用·单调性·判断单调区间,0.348,函数奇偶性；三角函数性质；三角函数性质,,T7导数·U7.3 导数与函数单调性·导数符号判断,3,,model_estimated,运算求解；分类讨论,综合提升,基本公式记忆不牢；代数化简错误,待审核,
exam_58879b65c6e5_q009,EXAM-58879B65C6E5-Q009,"### 9. 已知 $\overline{A}$ , $\overline{B}$ 分别为随机事件 $A$ , $B$ 的对立事件, 若 $P(A) = \fr",T9概率统计,U9.2 概率（古典/条件/全概率/贝叶斯）,条件概率；全概率公式；概率模型,概率统计·概率模型·全概率公式,0.788,导数与微分·导数定义·平均变化率与瞬时变化率,1.0,P(·),,,3,,model_estimated,运算求解,综合提升,事件条件理解错误；概率公式套用混淆；期望计算漏项,待审核,
exam_58879b65c6e5_q010,EXAM-58879B65C6E5-Q010,### 10. 若将一边长为4的正方形铁片的四角截去四个边长均为x的小正方形，然后做成一个无盖的方盒，则下列说法正确的是（） A. 当 $x=\frac{2}{,T7导数,U7.4 导数与极值/最值,利用导数求最值；端点与极值比较；函数建模最值,导数应用·极值与最值·求最值,0.891,立体几何·空间几何体·体积建模,0.504,最大/最小值；最大/最小值；几何建模采用最值方法；解析包含导数方法,,T5立体几何·U5.1 空间几何体与三视图·空间几何体体积；T7导数·U7.3 导数与函数单调性·导数符号判断,3,,model_estimated,运算求解；数形结合；建模应用,综合提升,导数符号判断错误；忽略定义域或端点,待审核,
exam_58879b65c6e5_q011,EXAM-58879B65C6E5-Q011,"### 11. 设函数 $f(x) = m\ln x - x$ , $g(x) = -\frac{1}{3}x^3 + x + a$ ，则下列结论正确的是（） ",T7导数,U7.4 导数与极值/最值,极值点判断；导数符号表；函数极值,导数应用·极值与最值·求极值,0.913,导数应用·零点问题·函数零点个数,0.627,极值点；极值点；极大/极小值；函数极值；函数极值；解析包含导数方法,,T7导数·U7.3 导数与函数单调性·导数符号判断,3,,model_estimated,运算求解；数形结合；分类讨论,综合提升,导数符号判断错误；忽略定义域或端点,待审核,
exam_58879b65c6e5_q012,EXAM-58879B65C6E5-Q012,"### 12. 湘绣, 是中国优秀的民族传统工艺之一, 有着两千多年的历史. 湘绣的制作工艺繁杂, 只有设计图案通过后才能进行刺绣. 某绣坊准备制作 $A, B",T9概率统计,U9.2 概率（古典/条件/全概率/贝叶斯）,条件概率；全概率公式；概率模型,概率统计·概率模型·全概率公式,0.887,导数与微分·导数定义·平均变化率与瞬时变化率,1.0,概率；P(·),,,3,,model_estimated,数形结合,综合提升,事件条件理解错误；概率公式套用混淆；期望计算漏项,待审核,
exam_58879b65c6e5_q013,EXAM-58879B65C6E5-Q013,"### 13. 已知函数 $f(x) = (x - a)\ln x$ 在区间[1,2]上存在单调递减区间，则 $a$ 的取值范围为 \_\_\_\_.",T7导数,U7.3 导数与函数单调性,导数符号判断；单调区间；含参单调性,导数应用·单调性·判断单调区间,0.878,导数与微分·求导运算·基本函数求导,0.554,导数符号与单调；导数符号与单调；解析包含导数方法,,T7导数·U7.2 导数运算（基本函数/复合/隐函数）·基本函数求导,3,,model_estimated,运算求解；逻辑推理；分类讨论,综合提升,导数符号判断错误；忽略定义域或端点,待审核,
exam_58879b65c6e5_q014,EXAM-58879B65C6E5-Q014,"### 14. 已知函数 $f(x)=\left\{\begin{aligned}-x^{2}-2x,x&\leq0\\ \ln x,x&>0\end{alig",T7导数,U7.6 导数与函数零点,零点个数判断；单调性与零点；函数图像分析,导数应用·零点问题·函数零点个数,0.828,函数综合·函数性质·奇偶性与周期性,0.398,函数零点；函数零点,,T7导数·U7.3 导数与函数单调性·导数符号判断,3,,model_estimated,运算求解；数形结合；分类讨论,综合提升,极值与零点关系判断错误；参数范围漏讨论,待审核,
exam_58879b65c6e5_q015,EXAM-58879B65C6E5-Q015,### 15. 已知函数 $f(x) = \frac{x^2}{2} - a\ln x - (a - 1)x - \frac{a}{2}$ . (1)当a=-1,T7导数,U7.1 导数概念与几何意义（切线）,导数几何意义；切线斜率；切线方程,导数与微分·切线方程·求切线,0.886,导数应用·极值与最值·求极值,0.48,切线方程；切线方程；切线；切线,,T7导数·U7.2 导数运算（基本函数/复合/隐函数）·基本函数求导；T7导数·U7.3 导数与函数单调性·导数符号判断；T7导数·U7.4 导数与极值/最值·利用导数求最值,3,,model_estimated,运算求解；逻辑推理；数形结合,综合提升,切点坐标代入错误；导数值与斜率对应错误,待审核,
exam_58879b65c6e5_q016,EXAM-58879B65C6E5-Q016,"### 16. 已知函数 $g(x)=\mathrm{e}^{x}-2a(x-1)$ ，e 为自然对数的底数. (1)若函数 $g(x)$ 在 $(1,+\in",T7导数,U7.6 导数与函数零点,零点个数判断；单调性与零点；函数图像分析,导数应用·零点问题·函数零点个数,0.892,导数应用·单调性·判断单调区间,0.51,函数零点；函数零点；解析包含导数方法,,,3,,model_estimated,运算求解；逻辑推理；分类讨论,综合提升,极值与零点关系判断错误；参数范围漏讨论,待审核,
exam_b01a97c7a11b_q001,EXAM-B01A97C7A11B-Q001,### 1. 已知离散型随机变量 X 的方差为 1，则 $D(2X+1)=(\quad)$ A. 2 B. $\frac{1}{2}$ C. 4 D. $\fr,T9概率统计,U9.3 离散型随机变量及其分布,分布列；数学期望；方差,概率统计·数字特征·期望与方差,0.941,概率统计·概率模型·全概率公式,0.786,方差；D(·)；题目目标包含期望或方差,,,3,,model_estimated,运算求解,综合提升,事件条件理解错误；概率公式套用混淆；期望计算漏项,待审核,
exam_b01a97c7a11b_q002,EXAM-B01A97C7A11B-Q002,### 2. 设函数 $f(x) = \frac{\mathrm{e}^x}{x + a}$ . 若 $f'(1) = \frac{e}{4}$ ，则 $a =,T7导数,U7.2 导数运算（基本函数/复合/隐函数）,基本函数求导；复合函数求导；导数运算,导数与微分·求导运算·基本函数求导,0.81,导数与微分·导数定义·平均变化率与瞬时变化率,1.0,导数符号,,,3,,model_estimated,运算求解,综合提升,基本公式记忆不牢；代数化简错误,待审核,
exam_b01a97c7a11b_q003,EXAM-B01A97C7A11B-Q003,"### 3. 假设 A, B 是两个事件，且 $P(A) > 0$ ， $P(B) > 0$ ，则下列结论一定正确的是() A. $P(B)=P(B|A)$ B",T9概率统计,U9.2 概率（古典/条件/全概率/贝叶斯）,条件概率；全概率公式；概率模型,概率统计·概率模型·全概率公式,0.788,导数与微分·导数定义·平均变化率与瞬时变化率,1.0,P(·),,,3,,model_estimated,运算求解,综合提升,事件条件理解错误；概率公式套用混淆；期望计算漏项,待审核,
exam_b01a97c7a11b_q004,EXAM-B01A97C7A11B-Q004,"### 4. 现有两位游客慕名来江苏旅游,他们分别从太湖鼋头渚、苏州拙政园、镇江金山寺、中华恐龙园、南京夫子庙、扬州瘦西湖6个景点中随机选择1个景点游玩.记事件",T9概率统计,U9.2 概率（古典/条件/全概率/贝叶斯）,条件概率；全概率公式；概率模型,概率统计·概率模型·全概率公式,0.788,导数与微分·导数定义·平均变化率与瞬时变化率,1.0,P(·),,,3,,model_estimated,运算求解,综合提升,事件条件理解错误；概率公式套用混淆；期望计算漏项,待审核,
exam_b01a97c7a11b_q005,EXAM-B01A97C7A11B-Q005,"### 5. 已知曲线 $y = ae^{x} + x\ln x$ 在点(1,ae)处的切线方程为 $y = 2x + b$ ，则（） A. $a = e, b",T7导数,U7.1 导数概念与几何意义（切线）,导数几何意义；切线斜率；切线方程,导数与微分·切线方程·求切线,0.967,导数与微分·导数定义·平均变化率与瞬时变化率,1.0,切线方程；切线,,,3,,model_estimated,运算求解；数形结合,综合提升,切点坐标代入错误；导数值与斜率对应错误,待审核,
exam_b01a97c7a11b_q006,EXAM-B01A97C7A11B-Q006,"### 6. 长时间玩手机可能影响视力, 据调查, 某学校学生中, 大约有 $\frac{1}{5}$ 的学生每天玩手机超过 $1 \mathrm{~h}$ ,",T9概率统计,U9.2 概率（古典/条件/全概率/贝叶斯）,条件概率；全概率公式；概率模型,概率统计·概率模型·全概率公式,0.887,导数与微分·导数定义·平均变化率与瞬时变化率,1.0,概率；P(·),,,3,,model_estimated,运算求解,综合提升,事件条件理解错误；概率公式套用混淆；期望计算漏项,待审核,
exam_b01a97c7a11b_q007,EXAM-B01A97C7A11B-Q007,"### 7. 函数 $f(x) = ax^3 + bx^2 + cx + d$ 的图象如图所示，则下列结论成立的是（） A. $a > 0, b < 0, c ",T7导数,U7.3 导数与函数单调性,导数符号判断；单调区间；含参单调性,导数应用·单调性·判断单调区间,0.737,导数与微分·求导运算·基本函数求导,0.271,导数符号与单调；解析包含导数方法,,T7导数·U7.2 导数运算（基本函数/复合/隐函数）·基本函数求导,3,,model_estimated,运算求解；数形结合,综合提升,导数符号判断错误；忽略定义域或端点,待审核,
exam_b01a97c7a11b_q008,EXAM-B01A97C7A11B-Q008,### 8. 已知 $x = x_{1}$ 和 $x = x_{2}$ 分别是函数 $f(x) = 2a^{x} - \mathrm{e}x^{2}$ （ $a,T7导数,U7.1 导数概念与几何意义（切线）,导数几何意义；切线斜率；切线方程,导数与微分·切线方程·求切线,0.871,导数应用·极值与最值·求极值,0.393,切线方程；相切/切点；切线；斜率,,T7导数·U7.2 导数运算（基本函数/复合/隐函数）·基本函数求导,3,,model_estimated,运算求解；数形结合；分类讨论,综合提升,切点坐标代入错误；导数值与斜率对应错误,待审核,
exam_b01a97c7a11b_q009,EXAM-B01A97C7A11B-Q009,### 9. 已知随机事件A，B满足 $P(A)=\frac{1}{2}$ ， $P(B)=\frac{1}{3}$ ， $P(\overline{A}|B)=,T9概率统计,U9.2 概率（古典/条件/全概率/贝叶斯）,条件概率；全概率公式；概率模型,概率统计·概率模型·全概率公式,0.865,导数与微分·导数定义·平均变化率与瞬时变化率,1.0,P(·)；P(·),,,3,,model_estimated,运算求解,综合提升,事件条件理解错误；概率公式套用混淆；期望计算漏项,待审核,
exam_b01a97c7a11b_q010,EXAM-B01A97C7A11B-Q010,### 10. 设函数 $f(x) = (x - 1)^2 (x - 4)$ ，则（） A. $x = 3$ 是 $f(x)$ 的极小值点 B. 当 $0 < ,T7导数,U7.4 导数与极值/最值,极值点判断；导数符号表；函数极值,导数应用·极值与最值·求极值,0.891,导数应用·单调性·判断单调区间,0.506,极大/极小值；极大/极小值；解析包含导数方法,,T7导数·U7.2 导数运算（基本函数/复合/隐函数）·基本函数求导；T7导数·U7.3 导数与函数单调性·导数符号判断,3,,model_estimated,运算求解,综合提升,导数符号判断错误；忽略定义域或端点,待审核,
exam_b01a97c7a11b_q011,EXAM-B01A97C7A11B-Q011,### 11. 甲罐中有5个红球，2个白球和3个黑球，乙罐中有4个红球，3个白球和3个黑球.先从甲罐中随机取出一球放入乙罐，分别以 $A_{1}$ ， $A_{,T9概率统计,U9.2 概率（古典/条件/全概率/贝叶斯）,条件概率；全概率公式；概率模型,概率统计·概率模型·全概率公式,0.788,导数与微分·导数定义·平均变化率与瞬时变化率,1.0,P(·),,,3,,model_estimated,运算求解,综合提升,事件条件理解错误；概率公式套用混淆；期望计算漏项,待审核,
exam_b01a97c7a11b_q012,EXAM-B01A97C7A11B-Q012,### 12. 已知随机变量 X 的分布列为则期望 $D(X)=$ \_\_\_\_. <table><tr><td>X</td><td>5</td><td>6,T9概率统计,U9.3 离散型随机变量及其分布,分布列；数学期望；方差,概率统计·数字特征·期望与方差,0.89,概率统计·概率模型·全概率公式,0.5,期望；D(·)；题目目标包含期望或方差,,,3,,model_estimated,运算求解,综合提升,事件条件理解错误；概率公式套用混淆；期望计算漏项,待审核,
exam_b01a97c7a11b_q013,EXAM-B01A97C7A11B-Q013,### 13. 已知函数 $f(x)=2\sin x+\sin 2x$ ，则 $f(x)$ 的最小值是 \_\_\_\_.,T7导数,U7.4 导数与极值/最值,利用导数求最值；端点与极值比较；函数建模最值,导数应用·极值与最值·求最值,0.713,导数应用·单调性·判断单调区间,0.079,最大/最小值；解析包含导数方法,,T7导数·U7.2 导数运算（基本函数/复合/隐函数）·基本函数求导；T7导数·U7.3 导数与函数单调性·导数符号判断,3,,model_estimated,运算求解,综合提升,导数符号判断错误；忽略定义域或端点,待审核,
exam_b01a97c7a11b_q014,EXAM-B01A97C7A11B-Q014,"### 14. 设 $a \in (0,1)$ ，若函数 $f(x) = a^{x} + (1 + a)^{x}$ 在 $(0, +\infty)$ 上单调递增",T7导数,U7.5 导数与不等式证明,构造函数；导数证明不等式；极值点偏移,导数应用·不等式证明·构造函数证明,0.705,导数应用·单调性·判断单调区间,0.095,恒成立；解析包含导数方法,,T7导数·U7.2 导数运算（基本函数/复合/隐函数）·基本函数求导；T7导数·U7.3 导数与函数单调性·导数符号判断,3,,model_estimated,运算求解；分类讨论,综合提升,基本公式记忆不牢；代数化简错误,待审核,
exam_b01a97c7a11b_q015,EXAM-B01A97C7A11B-Q015,"### 15. 甲、乙两个学校进行体育比赛, 比赛共设三个项目, 每个项目胜方得 10 分, 负方得 0 分, 没有平局. 三个项目比赛结束后, 总得分高的学校",T9概率统计,U9.3 离散型随机变量及其分布,分布列；数学期望；方差,概率统计·数字特征·期望与方差,0.844,概率统计·概率模型·全概率公式,0.246,期望；期望；E(·)；题目目标包含期望或方差,,,3,,model_estimated,运算求解；逻辑推理,综合提升,事件条件理解错误；概率公式套用混淆；期望计算漏项,待审核,
exam_b01a97c7a11b_q016,EXAM-B01A97C7A11B-Q016,### 16. 设函数 $f(x)=\ln(a-x)$ ，已知 x=0 是函数 $y=xf(x)$ 的极值点. (1) 求 a; （2）设函数 $g(x)=\f,T7导数,U7.4 导数与极值/最值,极值点判断；导数符号表；函数极值,导数应用·极值与最值·求极值,0.86,概率统计·数字特征·期望与方差,0.331,极值点；极值点；函数极值；函数极值；解析包含导数方法,,T7导数·U7.2 导数运算（基本函数/复合/隐函数）·基本函数求导；T2函数·U2.1 函数概念与性质（单调/奇偶/周期）·构造函数,3,,model_estimated,运算求解；逻辑推理；分类讨论,综合提升,导数符号判断错误；忽略定义域或端点,待审核,
exam_982ba095d8f8_q001,EXAM-982BA095D8F8-Q001,### 1. 一批零件共有10个，其中有4个不合格。从这批零件中随机抽取3个零件进行检测，恰好有1件不合格的概率是（） A. $\frac{C_4^2C_6^1,T9概率统计,U9.2 概率（古典/条件/全概率/贝叶斯）,条件概率；全概率公式；概率模型,概率统计·概率模型·全概率公式,0.98,导数与微分·导数定义·平均变化率与瞬时变化率,1.0,概率；概率；计数/分布模型,,,3,,model_estimated,运算求解,综合提升,事件条件理解错误；概率公式套用混淆；期望计算漏项,待审核,
exam_982ba095d8f8_q002,EXAM-982BA095D8F8-Q002,### 2. 随机变量 $X$ 的分布列为: <table><tr><td>X</td><td>1</td><td>2</td><td>3</td></tr><,T9概率统计,U9.2 概率（古典/条件/全概率/贝叶斯）,条件概率；全概率公式；概率模型,概率统计·概率模型·全概率公式,0.98,导数与微分·导数定义·平均变化率与瞬时变化率,1.0,分布列；随机变量；P(·)；P(·),,,3,,model_estimated,运算求解；分类讨论,综合提升,事件条件理解错误；概率公式套用混淆；期望计算漏项,待审核,
exam_982ba095d8f8_q003,EXAM-982BA095D8F8-Q003,### 3. 函数 $f(x) = x^3 - 3x^2$ 的所有极值的和为（） A. -4 B. -2 C. 0 D. 2,T7导数,U7.4 导数与极值/最值,极值点判断；导数符号表；函数极值,导数应用·极值与最值·求极值,0.915,导数应用·单调性·判断单调区间,0.638,极大/极小值；函数极值；函数极值；解析包含导数方法,,T7导数·U7.2 导数运算（基本函数/复合/隐函数）·基本函数求导；T7导数·U7.3 导数与函数单调性·导数符号判断,3,,model_estimated,运算求解,综合提升,导数符号判断错误；忽略定义域或端点,待审核,
exam_982ba095d8f8_q004,EXAM-982BA095D8F8-Q004,"### 4. 某学校组织中国象棋比赛, 甲、乙两名同学进入决赛。决赛采取 3 局 2 胜制, 假设每局比赛中甲获胜的概率均为 $\frac{2}{3}$ , 且",T9概率统计,U9.2 概率（古典/条件/全概率/贝叶斯）,条件概率；全概率公式；概率模型,概率统计·概率模型·全概率公式,0.98,导数与微分·导数定义·平均变化率与瞬时变化率,1.0,概率；概率；P(·),,,3,,model_estimated,运算求解,综合提升,事件条件理解错误；概率公式套用混淆；期望计算漏项,待审核,
exam_982ba095d8f8_q005,EXAM-982BA095D8F8-Q005,"### 5. 如图所示, 已知一质点在外力的作用下, 从原点 $O$ 出发, 每次向左移动的概率为 $\frac{2}{3}$ , 向右移动的概率为 $\fra",T9概率统计,U9.2 概率（古典/条件/全概率/贝叶斯）,条件概率；全概率公式；概率模型,概率统计·概率模型·全概率公式,0.955,导数与微分·导数定义·平均变化率与瞬时变化率,1.0,概率；P(·)；P(·),,,3,,model_estimated,数形结合,综合提升,事件条件理解错误；概率公式套用混淆；期望计算漏项,待审核,
exam_982ba095d8f8_q006,EXAM-982BA095D8F8-Q006,"### 6. 对于任意的 $x \in \left(0, \frac{1}{3}\right]$ ，不等式 $8^x \leq \frac{3}{2} + \l",T7导数,U7.5 导数与不等式证明,构造函数；导数证明不等式；极值点偏移,导数应用·不等式证明·构造函数证明,0.935,导数应用·单调性·判断单调区间,0.749,不等式证明；恒成立；恒成立；不等式,,T7导数·U7.3 导数与函数单调性·导数符号判断,3,,model_estimated,运算求解；分类讨论,综合提升,基本公式记忆不牢；代数化简错误,待审核,
exam_982ba095d8f8_q007,EXAM-982BA095D8F8-Q007,"### 7. 连续抛掷一枚质地均匀的硬币 8 次, 每次正面向上得 2 分, 反面向上得 -1 分, 记总得分为 $X$ ，则（ ） A. $E(X) = 8$",T9概率统计,U9.3 离散型随机变量及其分布,分布列；数学期望；方差,概率统计·数字特征·期望与方差,0.933,概率统计·概率模型·全概率公式,0.74,E(·)；E(·)；D(·)；D(·)；题目目标包含期望或方差,,,3,,model_estimated,运算求解,综合提升,事件条件理解错误；概率公式套用混淆；期望计算漏项,待审核,
exam_982ba095d8f8_q008,EXAM-982BA095D8F8-Q008,### 8. 设定义在 $\mathbf{R}$ 上的可导函数 $f(x)$ 满足 $\frac{f'(x)}{2x - 3} > 0$ ，且 $f\left(,T2函数,U2.1 函数概念与性质（单调/奇偶/周期）,函数奇偶性；函数周期性；函数对称性,函数综合·函数性质·奇偶性与周期性,0.853,导数与微分·求导运算·基本函数求导,0.293,函数奇偶性；函数奇偶性；函数对称性,,T7导数·U7.2 导数运算（基本函数/复合/隐函数）·基本函数求导；T7导数·U7.3 导数与函数单调性·导数符号判断,3,,model_estimated,运算求解；分类讨论,综合提升,基本公式记忆不牢；代数化简错误,待审核,
exam_982ba095d8f8_q009,EXAM-982BA095D8F8-Q009,### 9. 已知 3 张奖券中只有 1 张会中奖，甲、乙 2 名同学依次先后随机抽取 1 张奖券。记事件 A 为“甲中奖”，事件 B 为“乙中奖”，则下列说法,T9概率统计,U9.2 概率（古典/条件/全概率/贝叶斯）,条件概率；全概率公式；概率模型,概率统计·概率模型·全概率公式,0.865,导数与微分·导数定义·平均变化率与瞬时变化率,1.0,P(·)；P(·),,,3,,model_estimated,运算求解,综合提升,事件条件理解错误；概率公式套用混淆；期望计算漏项,待审核,
exam_982ba095d8f8_q010,EXAM-982BA095D8F8-Q010,"### 10. 已知 $f(x)$ 是定义在 $(- \infty, 0) \mathrm{U}(0, +\infty)$ 上的偶函数，且当 $x > 0$ 时",T2函数,U2.1 函数概念与性质（单调/奇偶/周期）,函数奇偶性；函数周期性；函数对称性,函数综合·函数性质·奇偶性与周期性,0.797,导数应用·极值与最值·求极值,0.055,函数奇偶性；函数奇偶性,,T7导数·U7.2 导数运算（基本函数/复合/隐函数）·基本函数求导；T7导数·U7.3 导数与函数单调性·导数符号判断,3,,model_estimated,运算求解；逻辑推理；数形结合,综合提升,基本公式记忆不牢；代数化简错误,待审核,
exam_982ba095d8f8_q011,EXAM-982BA095D8F8-Q011,"### 11. 已知函数 $f(x) = x^{2}(3 - x) - t$ （ $t \in \mathbf{R}$ ）有三个不同零点 $a, b, c$ ，",T7导数,U7.3 导数与函数单调性,导数符号判断；单调区间；含参单调性,导数应用·单调性·判断单调区间,0.689,导数应用·零点问题·函数零点个数,0.005,导数符号与单调；解析包含导数方法,,,3,,model_estimated,运算求解；数形结合；分类讨论,综合提升,导数符号判断错误；忽略定义域或端点,待审核,
exam_982ba095d8f8_q012,EXAM-982BA095D8F8-Q012,"### 12. 已知函数 $f(x) = \begin{cases} \mathrm{e}^x, & x \leq 0 \\ x \ln x, & x > 0 ",T7导数,U7.6 导数与函数零点,零点个数判断；单调性与零点；函数图像分析,导数应用·零点问题·函数零点个数,0.904,导数应用·单调性·判断单调区间,0.575,零点个数；函数零点；解析包含导数方法,,T7导数·U7.2 导数运算（基本函数/复合/隐函数）·基本函数求导；T7导数·U7.3 导数与函数单调性·导数符号判断,3,,model_estimated,运算求解；逻辑推理；分类讨论,综合提升,极值与零点关系判断错误；参数范围漏讨论,待审核,
exam_982ba095d8f8_q013,EXAM-982BA095D8F8-Q013,### 13. 已知一个不透明的袋子里装有除颜色外没有其他差异的 2 个白球和 4 个黑球，现操作如下：从袋子中随机取出一个球，若取出的是白球，则放进一个黑球，,T9概率统计,U9.3 离散型随机变量及其分布,分布列；数学期望；方差,概率统计·数字特征·期望与方差,0.964,概率统计·概率模型·全概率公式,0.912,数学期望；数学期望；期望；期望；E(·)；题目目标包含期望或方差,,,3,,model_estimated,运算求解,综合提升,事件条件理解错误；概率公式套用混淆；期望计算漏项,待审核,
exam_982ba095d8f8_q014,EXAM-982BA095D8F8-Q014,### 14. 绝大多数比赛都采用“(2n-1)局 n 胜制”的规则，但也有一些项目，比如冰壶运动，其整个比赛通常是进行偶数局。现有甲、乙两名同学进行一项趣味项,T9概率统计,U9.2 概率（古典/条件/全概率/贝叶斯）,条件概率；全概率公式；概率模型,概率统计·概率模型·全概率公式,0.89,导数应用·极值与最值·求最值,0.502,概率；概率；P(·),,T7导数·U7.4 导数与极值/最值·利用导数求最值,3,,model_estimated,运算求解,综合提升,事件条件理解错误；概率公式套用混淆；期望计算漏项,待审核,
exam_982ba095d8f8_q015,EXAM-982BA095D8F8-Q015,### 15. 某智能系统用于处理判断题（答案只有“对”和“错”），系统内设有两个独立的预测模型，分别记为模型甲和模型乙。系统的答案输出规则如下：系统首先同时向,T7导数,U7.4 导数与极值/最值,利用导数求最值；端点与极值比较；函数建模最值,导数应用·极值与最值·求最值,0.692,概率统计·概率模型·全概率公式,0.222,最大/最小值,,,3,,model_estimated,运算求解；逻辑推理,综合提升,导数符号判断错误；忽略定义域或端点,待审核,
exam_982ba095d8f8_q016,EXAM-982BA095D8F8-Q016,"### 16. 已知函数 $f(x)=ae^{x}, g(x)=\ln x+b(a,b\in\mathbf{R})$ . （1）当 $b = 1$ 时， $f(",T7导数,U7.1 导数概念与几何意义（切线）,导数几何意义；切线斜率；切线方程,导数与微分·切线方程·求切线,0.869,导数应用·不等式证明·构造函数证明,0.382,切线方程；相切/切点；切线；切线；斜率；斜率,,T7导数·U7.2 导数运算（基本函数/复合/隐函数）·基本函数求导；T7导数·U7.3 导数与函数单调性·导数符号判断；T2函数·U2.1 函数概念与性质（单调/奇偶/周期）·构造函数,3,,model_estimated,运算求解；逻辑推理；数形结合,综合提升,切点坐标代入错误；导数值与斜率对应错误,待审核,
exam_5267945b2a8f_q001,EXAM-5267945B2A8F-Q001,### 1. 下列导数运算正确的是（） A. $\left(\ln x + \cos x\right)' = \frac{1}{x} + \sin x$ B. ,T7导数,U7.2 导数运算（基本函数/复合/隐函数）,基本函数求导；复合函数求导；导数运算,导数与微分·求导运算·基本函数求导,0.849,函数综合·函数性质·奇偶性与周期性,0.833,导数符号；导数,,,3,,model_estimated,运算求解,综合提升,基本公式记忆不牢；代数化简错误,待审核,
exam_5267945b2a8f_q002,EXAM-5267945B2A8F-Q002,### 2. 设 $a \in \mathbb{R}$ ，若函数 $f(x) = \frac{2}{3} x^3 - \frac{a}{2} x^2 + x +,T7导数,U7.4 导数与极值/最值,极值点判断；导数符号表；函数极值,导数应用·极值与最值·求极值,0.956,导数与微分·导数定义·平均变化率与瞬时变化率,1.0,极值点；函数极值,,,3,,model_estimated,逻辑推理；分类讨论,综合提升,导数符号判断错误；忽略定义域或端点,待审核,
exam_5267945b2a8f_q003,EXAM-5267945B2A8F-Q003,### 3. 已知 $P(B) = 0.4$ ， $P(B|A) = 0.8$ ， $P(B|\overline{A}) = 0.3$ ，则 $P(A) = (,T9概率统计,U9.2 概率（古典/条件/全概率/贝叶斯）,条件概率；全概率公式；概率模型,概率统计·概率模型·全概率公式,0.788,导数与微分·导数定义·平均变化率与瞬时变化率,1.0,P(·),,,3,,model_estimated,运算求解,综合提升,事件条件理解错误；概率公式套用混淆；期望计算漏项,待审核,
exam_5267945b2a8f_q004,EXAM-5267945B2A8F-Q004,### 4. 已知随机变量 $X$ 的分布列为 <table><tr><td>X</td><td>-1</td><td>0</td><td>1</td><td>,T9概率统计,U9.2 概率（古典/条件/全概率/贝叶斯）,条件概率；全概率公式；概率模型,概率统计·概率模型·全概率公式,0.969,导数与微分·导数定义·平均变化率与瞬时变化率,1.0,分布列；随机变量；P(·),,,3,,model_estimated,分类讨论,综合提升,事件条件理解错误；概率公式套用混淆；期望计算漏项,待审核,
exam_5267945b2a8f_q005,EXAM-5267945B2A8F-Q005,"### 5. 设 $m \in (0,1)$ ，随机变量 X 的分布列为 <table><tr><td>X</td><td>0</td><td>m</td><t",T9概率统计,U9.3 离散型随机变量及其分布,分布列；数学期望；方差,概率统计·数字特征·期望与方差,0.823,概率统计·概率模型·全概率公式,0.263,D(·)；题目目标包含期望或方差,,T7导数·U7.3 导数与函数单调性·导数符号判断；T7导数·U7.4 导数与极值/最值·利用导数求最值,3,,model_estimated,运算求解；分类讨论,综合提升,事件条件理解错误；概率公式套用混淆；期望计算漏项,待审核,
exam_5267945b2a8f_q006,EXAM-5267945B2A8F-Q006,### 6. 当前，AI 已从一个研究领域变成一类赋能技术。在医药健康领域，AI 已应用于靶点发现、药物设计及临床试验等方面，显著提升了科研效率。假设某实验室 ,T9概率统计,U9.2 概率（古典/条件/全概率/贝叶斯）,条件概率；全概率公式；概率模型,概率统计·概率模型·全概率公式,0.788,导数与微分·导数定义·平均变化率与瞬时变化率,1.0,P(·),,,3,,model_estimated,运算求解,综合提升,事件条件理解错误；概率公式套用混淆；期望计算漏项,待审核,
exam_5267945b2a8f_q007,EXAM-5267945B2A8F-Q007,### 7. 已知函数 $f(x) = \mathrm{e}^x - a\ln (ax - a) + a (a > 0)$ ，若对于任意的 $x > 1$ 使得,T7导数,U7.5 导数与不等式证明,构造函数；导数证明不等式；极值点偏移,导数应用·不等式证明·构造函数证明,0.779,导数应用·单调性·判断单调区间,0.383,不等式；构造函数,,T7导数·U7.3 导数与函数单调性·导数符号判断；T2函数·U2.1 函数概念与性质（单调/奇偶/周期）·构造函数,3,,model_estimated,运算求解；分类讨论,综合提升,基本公式记忆不牢；代数化简错误,待审核,
exam_5267945b2a8f_q008,EXAM-5267945B2A8F-Q008,"### 8. 已知函数 $f(x) = x + \frac{a}{2x}$ ，过点(1,0)作曲线 $f(x)$ 的两条切线，切点为 $A(x_1, f(x_1",T7导数,U7.1 导数概念与几何意义（切线）,导数几何意义；切线斜率；切线方程,导数与微分·切线方程·求切线,0.953,导数与微分·求导运算·基本函数求导,0.85,切线方程；相切/切点；相切/切点；切线；切线；斜率,,T7导数·U7.2 导数运算（基本函数/复合/隐函数）·基本函数求导,3,,model_estimated,运算求解；逻辑推理；数形结合,综合提升,切点坐标代入错误；导数值与斜率对应错误,待审核,
exam_5267945b2a8f_q009,EXAM-5267945B2A8F-Q009,### 9. 某班开设了“打球”“弹琴”“跳舞”“唱歌”4个课外活动项目。在一次活动中，甲、乙、丙3名学生每人至少选1个、至多选2个项目，且每个项目恰有1人选择,T9概率统计,U9.2 概率（古典/条件/全概率/贝叶斯）,条件概率；全概率公式；概率模型,概率统计·概率模型·全概率公式,0.942,导数与微分·导数定义·平均变化率与瞬时变化率,1.0,P(·)；P(·)；计数/分布模型,,,3,,model_estimated,运算求解,综合提升,事件条件理解错误；概率公式套用混淆；期望计算漏项,待审核,
exam_5267945b2a8f_q010,EXAM-5267945B2A8F-Q010,### 10. 下列不等关系中，正确的是（） A. $\ln2<\frac{2}{e}$ B. $\frac{\ln3}{\ln\pi}<\frac{3}{\p,T7导数,U7.3 导数与函数单调性,导数符号判断；单调区间；含参单调性,导数应用·单调性·判断单调区间,0.737,导数与微分·求导运算·基本函数求导,0.271,导数符号与单调；解析包含导数方法,,T7导数·U7.2 导数运算（基本函数/复合/隐函数）·基本函数求导,3,,model_estimated,运算求解,综合提升,导数符号判断错误；忽略定义域或端点,待审核,
exam_5267945b2a8f_q011,EXAM-5267945B2A8F-Q011,"### 11. 已知函数 $f(x) = a^{2x} - x (a > 0, a \neq 1)$ ，则下列结论中正确的是（） A. 函数 $f(x)$ 恒有",T7导数,U7.4 导数与极值/最值,极值点判断；导数符号表；函数极值,导数应用·极值与最值·求极值,0.863,导数与微分·切线方程·求切线,0.349,极值点；极值点；函数极值；函数极值；解析包含导数方法,,T7导数·U7.2 导数运算（基本函数/复合/隐函数）·基本函数求导；T7导数·U7.3 导数与函数单调性·导数符号判断；T2函数·U2.1 函数概念与性质（单调/奇偶/周期）·构造函数,3,,model_estimated,运算求解；逻辑推理；数形结合,综合提升,导数符号判断错误；忽略定义域或端点,待审核,
exam_5267945b2a8f_q012,EXAM-5267945B2A8F-Q012,"### 12. 函数 $f(x) = \frac{1}{2} x - \sin x$ 在 $\left[0, \frac{\pi}{2}\right]$ 上的最",T7导数,U7.4 导数与极值/最值,利用导数求最值；端点与极值比较；函数建模最值,导数应用·极值与最值·求最值,0.792,函数综合·函数性质·奇偶性与周期性,0.778,最大/最小值,,,3,,model_estimated,运算求解,综合提升,导数符号判断错误；忽略定义域或端点,待审核,
exam_5267945b2a8f_q013,EXAM-5267945B2A8F-Q013,### 13. 若函数 $f(x) = \ln x$ 与函数 $g(x) = ax^2 (a > 0)$ 有两个公切线，则实数 $a$ 取值范围是 \_\_\_,T7导数,U7.1 导数概念与几何意义（切线）,导数几何意义；切线斜率；切线方程,导数与微分·切线方程·求切线,0.908,导数应用·单调性·判断单调区间,0.599,相切/切点；切线；切线,,T7导数·U7.2 导数运算（基本函数/复合/隐函数）·基本函数求导；T7导数·U7.3 导数与函数单调性·导数符号判断,3,,model_estimated,运算求解；数形结合；分类讨论,综合提升,切点坐标代入错误；导数值与斜率对应错误,待审核,
exam_5267945b2a8f_q014,EXAM-5267945B2A8F-Q014,### 14. 已知函数 $f(x) = a \ln x - 2x (a > 0)$ ，若不等式 $x^a e^{-2x} \geq 3f(x) + 1$ 对 ,T7导数,U7.5 导数与不等式证明,构造函数；导数证明不等式；极值点偏移,导数应用·不等式证明·构造函数证明,0.944,导数应用·单调性·判断单调区间,0.798,不等式证明；不等式证明；恒成立；恒成立；不等式；不等式；解析包含导数方法,,T7导数·U7.2 导数运算（基本函数/复合/隐函数）·基本函数求导；T7导数·U7.3 导数与函数单调性·导数符号判断,3,,model_estimated,运算求解；逻辑推理；分类讨论,综合提升,基本公式记忆不牢；代数化简错误,待审核,
exam_5267945b2a8f_q015,EXAM-5267945B2A8F-Q015,### 15. 已知函数 $f(x) = \frac{1}{2} ax^2 + (a - 1)x - \ln x$ . (1)讨论 $f(x)$ 的单调性; (,T7导数,U7.4 导数与极值/最值,利用导数求最值；端点与极值比较；函数建模最值,导数应用·极值与最值·求最值,0.843,导数应用·单调性·判断单调区间,0.237,最大/最小值；最大/最小值；解析包含导数方法,,T7导数·U7.2 导数运算（基本函数/复合/隐函数）·基本函数求导；T7导数·U7.3 导数与函数单调性·导数符号判断,3,,model_estimated,运算求解；逻辑推理；分类讨论,综合提升,导数符号判断错误；忽略定义域或端点,待审核,
exam_5267945b2a8f_q016,EXAM-5267945B2A8F-Q016,"### 16. 某篮球运动员在训练中进行投篮练习. 已知其 2 分球的命中率为 0.8, 3 分球的命中率为 ### 0.5，且每次投篮结果相互独立。在每次投篮",T9概率统计,U9.3 离散型随机变量及其分布,分布列；数学期望；方差,概率统计·数字特征·期望与方差,0.849,概率统计·概率模型·全概率公式,0.273,期望；期望；E(·)；题目目标包含期望或方差,,,3,,model_estimated,运算求解；逻辑推理,综合提升,事件条件理解错误；概率公式套用混淆；期望计算漏项,待审核,
exam_5267945b2a8f_q017,EXAM-5267945B2A8F-Q017,"### 17. 已知函数 $f(x) = x^{2} - 2ax + a, a \in \mathbb{R}$ . (1)若函数 $g(x)=x\cdot f(",T7导数,U7.4 导数与极值/最值,极值点判断；导数符号表；函数极值,导数应用·极值与最值·求极值,0.915,导数应用·单调性·判断单调区间,0.638,极大/极小值；函数极值；函数极值；解析包含导数方法,,T7导数·U7.2 导数运算（基本函数/复合/隐函数）·基本函数求导；T7导数·U7.3 导数与函数单调性·导数符号判断,3,,model_estimated,运算求解；逻辑推理；分类讨论,综合提升,导数符号判断错误；忽略定义域或端点,待审核,
exam_5267945b2a8f_q018,EXAM-5267945B2A8F-Q018,### 18. 已知函数 $f(x) = \ln (x + 1) + \frac{1}{2} x^2$ . (1)若函数 $h(x)=f(x)-a(x+1)^{,T7导数,U7.6 导数与函数零点,零点个数判断；单调性与零点；函数图像分析,导数应用·零点问题·函数零点个数,0.904,导数应用·单调性·判断单调区间,0.575,零点个数；函数零点；解析包含导数方法,,T7导数·U7.3 导数与函数单调性·导数符号判断,3,,model_estimated,运算求解；逻辑推理；数形结合,综合提升,极值与零点关系判断错误；参数范围漏讨论,待审核,
exam_5267945b2a8f_q019,EXAM-5267945B2A8F-Q019,### 19. 已知函数 $f(x)=x\ln(x-1)$ . (1)求曲线 $y=f(x)$ 在x=2处的切线方程; (2)设 $g(x)=f'(x)$ ，求,T7导数,U7.1 导数概念与几何意义（切线）,导数几何意义；切线斜率；切线方程,导数与微分·切线方程·求切线,0.917,导数与微分·求导运算·基本函数求导,0.65,切线方程；切线方程；切线；切线,,T7导数·U7.2 导数运算（基本函数/复合/隐函数）·基本函数求导；T7导数·U7.3 导数与函数单调性·导数符号判断；T7导数·U7.4 导数与极值/最值·利用导数求最值,3,,model_estimated,运算求解；逻辑推理；数形结合,综合提升,切点坐标代入错误；导数值与斜率对应错误,待审核,
exam_64d466db9a64_q001,EXAM-64D466DB9A64-Q001,### 1. 已知 $f'(x)$ 是函数 $f(x)$ 的导函数，且 $f(x) = 2f'(1)\ln x + \frac{1}{x}$ ，则 $f'(1),T7导数,U7.2 导数运算（基本函数/复合/隐函数）,基本函数求导；复合函数求导；导数运算,导数与微分·求导运算·基本函数求导,0.98,导数与微分·导数定义·平均变化率与瞬时变化率,1.0,求导；导数符号；导数符号,,,3,,model_estimated,运算求解,综合提升,基本公式记忆不牢；代数化简错误,待审核,
exam_64d466db9a64_q002,EXAM-64D466DB9A64-Q002,### 2. 已知函数 $f(x) = \cos x + ax$ 在 $\mathbf{R}$ 上单调递增，则实数 $a$ 的取值范围是（） A. $(- \i,T7导数,U7.5 导数与不等式证明,构造函数；导数证明不等式；极值点偏移,导数应用·不等式证明·构造函数证明,0.705,导数应用·单调性·判断单调区间,0.095,恒成立；解析包含导数方法,,T7导数·U7.2 导数运算（基本函数/复合/隐函数）·基本函数求导；T7导数·U7.3 导数与函数单调性·导数符号判断,3,,model_estimated,运算求解；分类讨论,综合提升,基本公式记忆不牢；代数化简错误,待审核,
exam_64d466db9a64_q003,EXAM-64D466DB9A64-Q003,### 3. 曲线 $y = x \ln x$ 在 $x = 1$ 处的切线与两坐标轴所围成的三角形的面积为（） A. 4 B. 3 C. 1 D. $\fra,T7导数,U7.1 导数概念与几何意义（切线）,导数几何意义；切线斜率；切线方程,导数与微分·切线方程·求切线,0.906,导数与微分·求导运算·基本函数求导,0.589,切线方程；相切/切点；切线；切线；斜率,,T7导数·U7.2 导数运算（基本函数/复合/隐函数）·基本函数求导,3,,model_estimated,运算求解；数形结合,综合提升,切点坐标代入错误；导数值与斜率对应错误,待审核,
exam_64d466db9a64_q004,EXAM-64D466DB9A64-Q004,### 4. 设 $x \in \mathbb{R}$ ，则“ $x - \sin x < 0$ ”是“ $x < 0$ ”的（） A. 充分不必要条件 B. ,T7导数,U7.3 导数与函数单调性,导数符号判断；单调区间；含参单调性,导数应用·单调性·判断单调区间,0.737,导数与微分·求导运算·基本函数求导,0.271,导数符号与单调；解析包含导数方法,,T7导数·U7.2 导数运算（基本函数/复合/隐函数）·基本函数求导,3,,model_estimated,运算求解；逻辑推理,综合提升,导数符号判断错误；忽略定义域或端点,待审核,
exam_64d466db9a64_q005,EXAM-64D466DB9A64-Q005,### 5. 已知函数 $f(x)$ 在定义域内可导， $f(x)$ 的大致图象如图所示，则其导函数 $f'(x)$ 的大致图象可能为（） ![](assets,T7导数,U7.2 导数运算（基本函数/复合/隐函数）,基本函数求导；复合函数求导；导数运算,导数与微分·求导运算·基本函数求导,0.897,导数应用·单调性·判断单调区间,0.541,求导；导数符号；导数符号,,T7导数·U7.3 导数与函数单调性·导数符号判断,3,,model_estimated,运算求解；数形结合,综合提升,基本公式记忆不牢；代数化简错误,待审核,
exam_64d466db9a64_q006,EXAM-64D466DB9A64-Q006,"### 6. 已知函数 $f(x) = \ln (\mathrm{e}^{2x} + 1) - x$ ，若 $x \in [1,2]$ 时，关于 $x$ 的不等",T7导数,U7.5 导数与不等式证明,构造函数；导数证明不等式；极值点偏移,导数应用·不等式证明·构造函数证明,0.938,函数综合·函数性质·奇偶性与周期性,0.768,不等式证明；不等式证明；恒成立；恒成立；不等式；不等式；解析包含导数方法,,T7导数·U7.2 导数运算（基本函数/复合/隐函数）·基本函数求导；T7导数·U7.3 导数与函数单调性·导数符号判断,3,,model_estimated,运算求解；数形结合；分类讨论,综合提升,基本公式记忆不牢；代数化简错误,待审核,
exam_64d466db9a64_q007,EXAM-64D466DB9A64-Q007,"### 7. 已知定义域为R的函数 $f(x)$ ，其导函数为 $f'(x)$ ，且 $f'(x) + 2f(x) < 0, f(0) = 1$ ，则（） A.",T7导数,U7.2 导数运算（基本函数/复合/隐函数）,基本函数求导；复合函数求导；导数运算,导数与微分·求导运算·基本函数求导,0.897,导数应用·单调性·判断单调区间,0.541,求导；导数符号；导数符号,,T7导数·U7.3 导数与函数单调性·导数符号判断,3,,model_estimated,运算求解,综合提升,基本公式记忆不牢；代数化简错误,待审核,
exam_64d466db9a64_q008,EXAM-64D466DB9A64-Q008,### 8. 已知函数 $f(x) = a\mathrm{e}^x - x^2 + 3$ 有三个不同的零点，则实数 $a$ 的取值范围是（） A. $\left,T7导数,U7.6 导数与函数零点,零点个数判断；单调性与零点；函数图像分析,导数应用·零点问题·函数零点个数,0.828,导数应用·极值与最值·求极值,0.398,函数零点；函数零点,,T7导数·U7.3 导数与函数单调性·导数符号判断,3,,model_estimated,运算求解；数形结合；分类讨论,综合提升,极值与零点关系判断错误；参数范围漏讨论,待审核,
exam_64d466db9a64_q009,EXAM-64D466DB9A64-Q009,### 9. 下列求导数运算中不正确的是（） A. $(4)' = 2$ B. $(\ln x)' = \frac{1}{x \ln 10}$ C. $(3^{,T7导数,U7.2 导数运算（基本函数/复合/隐函数）,基本函数求导；复合函数求导；导数运算,导数与微分·求导运算·基本函数求导,0.901,导数与微分·导数定义·平均变化率与瞬时变化率,1.0,求导；导数,,,3,,model_estimated,运算求解,综合提升,基本公式记忆不牢；代数化简错误,待审核,
exam_64d466db9a64_q010,EXAM-64D466DB9A64-Q010,"### 10. 设计一个实用的门把手, 其造型可以看作图中的曲线 $C: y^{2} = x^{3} - 2x + 2$ 的一 A. 点 $(1,1)$ 在 $",T7导数,U7.1 导数概念与几何意义（切线）,导数几何意义；切线斜率；切线方程,导数与微分·切线方程·求切线,0.875,导数应用·极值与最值·求极值,0.419,切线；切线；斜率,,T7导数·U7.2 导数运算（基本函数/复合/隐函数）·基本函数求导,3,,model_estimated,运算求解；逻辑推理；数形结合,综合提升,切点坐标代入错误；导数值与斜率对应错误,待审核,
exam_64d466db9a64_q011,EXAM-64D466DB9A64-Q011,### 11. 已知函数 $f(x) = \sin 2x - 2\sin x$ ，则（） A. $f(x)$ 的最小正周期为 $2\pi$ B. 曲线 $y =,T2函数,U2.1 函数概念与性质（单调/奇偶/周期）,函数奇偶性；函数周期性；函数对称性,函数综合·函数性质·奇偶性与周期性,0.895,导数应用·零点问题·函数零点个数,0.53,函数周期性；函数周期性；周期；周期；三角函数性质；三角函数性质,,T7导数·U7.2 导数运算（基本函数/复合/隐函数）·基本函数求导；T7导数·U7.3 导数与函数单调性·导数符号判断,3,,model_estimated,运算求解,综合提升,基本公式记忆不牢；代数化简错误,待审核,
exam_64d466db9a64_q012,EXAM-64D466DB9A64-Q012,### 12. 函数 $y=\frac{1}{2}x^{2}-\ln x$ 的单调递减区间为 \_\_\_\_.,T7导数,U7.3 导数与函数单调性,导数符号判断；单调区间；含参单调性,导数应用·单调性·判断单调区间,0.712,导数与微分·求导运算·基本函数求导,0.195,导数符号与单调；解析包含导数方法,,T7导数·U7.2 导数运算（基本函数/复合/隐函数）·基本函数求导,3,,model_estimated,运算求解,综合提升,导数符号判断错误；忽略定义域或端点,待审核,
exam_64d466db9a64_q013,EXAM-64D466DB9A64-Q013,"### 13. 若函数 $f(x) = x + \frac{4}{x} + 3\ln x$ 在 $(a, 2 - 3a)$ 内有最小值，则实数 $a$ 的取值范",T7导数,U7.4 导数与极值/最值,利用导数求最值；端点与极值比较；函数建模最值,导数应用·极值与最值·求最值,0.891,导数应用·单调性·判断单调区间,0.506,最大/最小值；最大/最小值；解析包含导数方法,,T7导数·U7.2 导数运算（基本函数/复合/隐函数）·基本函数求导；T7导数·U7.3 导数与函数单调性·导数符号判断,3,,model_estimated,运算求解；分类讨论,综合提升,导数符号判断错误；忽略定义域或端点,待审核,
exam_64d466db9a64_q014,EXAM-64D466DB9A64-Q014,"### 14. 已知函数 $f(x) = \begin{cases} 6\ln x, & x > 0, \\ mx^2 + 6x, & x < 0. \end{",T7导数,U7.6 导数与函数零点,零点个数判断；单调性与零点；函数图像分析,导数应用·零点问题·函数零点个数,0.718,导数应用·单调性·判断单调区间,0.094,函数零点；解析包含导数方法,,T7导数·U7.2 导数运算（基本函数/复合/隐函数）·基本函数求导；T7导数·U7.3 导数与函数单调性·导数符号判断,3,,model_estimated,运算求解；分类讨论,综合提升,极值与零点关系判断错误；参数范围漏讨论,待审核,
exam_64d466db9a64_q015,EXAM-64D466DB9A64-Q015,### 15. （1）证明： $\forall x\in \mathbb{R}$ ， $\mathrm{e}^x\geq \mathrm{ex}$ （2）已知函,T7导数,U7.3 导数与函数单调性,导数符号判断；单调区间；含参单调性,导数应用·单调性·判断单调区间,0.862,导数应用·不等式证明·构造函数证明,0.343,单调区间；导数符号与单调；导数符号与单调；解析包含导数方法,,T7导数·U7.2 导数运算（基本函数/复合/隐函数）·基本函数求导；T2函数·U2.1 函数概念与性质（单调/奇偶/周期）·构造函数,3,,model_estimated,运算求解；逻辑推理；分类讨论,综合提升,导数符号判断错误；忽略定义域或端点,待审核,
exam_64d466db9a64_q016,EXAM-64D466DB9A64-Q016,### 16. 已知函数 $f(x) = x - 2 + a\ln \frac{1}{x} (a \in \mathbf{R})$ . （1）若 $f(x)\g,T7导数,U7.3 导数与函数单调性,导数符号判断；单调区间；含参单调性,导数应用·单调性·判断单调区间,0.737,导数与微分·求导运算·基本函数求导,0.271,导数符号与单调；解析包含导数方法,,T7导数·U7.2 导数运算（基本函数/复合/隐函数）·基本函数求导；T2函数·U2.1 函数概念与性质（单调/奇偶/周期）·构造函数,3,,model_estimated,运算求解；逻辑推理,综合提升,导数符号判断错误；忽略定义域或端点,待审核,
exam_64d466db9a64_q017,EXAM-64D466DB9A64-Q017,"### 17. 已知函数 $f(x)$ 的定义域为 $(0, +\infty)$ ，其导函数 $f'(x) = 2x + \frac{2}{x} - 2a (a",T7导数,U7.2 导数运算（基本函数/复合/隐函数）,基本函数求导；复合函数求导；导数运算,导数与微分·求导运算·基本函数求导,0.851,导数与微分·切线方程·求切线,0.285,求导；导数符号；导数符号,,T7导数·U7.3 导数与函数单调性·导数符号判断,3,,model_estimated,运算求解；逻辑推理；数形结合,综合提升,基本公式记忆不牢；代数化简错误,待审核,
exam_64d466db9a64_q018,EXAM-64D466DB9A64-Q018,"### 18. 已知函数 $f(x) = \frac{\ln x + a}{x}, a \in \mathbf{R}$ . （1）求函数 $f(x)$ 在区间[",T7导数,U7.5 导数与不等式证明,构造函数；导数证明不等式；极值点偏移,导数应用·不等式证明·构造函数证明,0.801,导数应用·零点问题·函数零点个数,0.004,恒成立；恒成立；构造函数；解析包含导数方法,,T7导数·U7.2 导数运算（基本函数/复合/隐函数）·基本函数求导；T7导数·U7.3 导数与函数单调性·导数符号判断；T7导数·U7.4 导数与极值/最值·利用导数求最值,3,,model_estimated,运算求解；逻辑推理；分类讨论,综合提升,基本公式记忆不牢；代数化简错误,待审核,
exam_64d466db9a64_q019,EXAM-64D466DB9A64-Q019,### 19. 设函数 $f(x) = \ln x + \frac{1 - a}{x} (a \in \mathbf{R})$ . （1）若 $f(x) \ge,T7导数,U7.6 导数与函数零点,零点个数判断；单调性与零点；函数图像分析,导数应用·零点问题·函数零点个数,0.664,导数应用·不等式证明·构造函数证明,0.125,函数零点,,T2函数·U2.1 函数概念与性质（单调/奇偶/周期）·构造函数,3,,model_estimated,运算求解；逻辑推理；分类讨论,综合提升,极值与零点关系判断错误；参数范围漏讨论,待审核,
